algorithm,time_elapsed,coverage_type,category,mean,std,min,max,sample_size
collaborative,2,code,global,82.57322306350359,20.4260478399707,26.035678889990088,99.8330550918197,124
collaborative,2,code,large,82.57322306350359,20.4260478399707,26.035678889990088,99.8330550918197,124
collaborative,4,code,global,84.0092336236743,19.463742187397514,26.035678889990088,99.84276729559748,125
collaborative,4,code,large,84.0092336236743,19.463742187397514,26.035678889990088,99.84276729559748,125
collaborative,6,code,global,85.54750949743334,18.527860410119462,31.74430128840436,99.86807387862797,125
collaborative,6,code,large,85.54750949743334,18.527860410119462,31.74430128840436,99.86807387862797,125
collaborative,8,code,global,85.93849887641683,18.29028616232333,31.74430128840436,99.86807387862797,125
collaborative,8,code,large,85.93849887641683,18.29028616232333,31.74430128840436,99.86807387862797,125
collaborative,10,code,global,86.44211626605025,17.876711088948245,33.1219028741328,99.86807387862797,125
collaborative,10,code,large,86.44211626605025,17.876711088948245,33.1219028741328,99.86807387862797,125
collaborative,12,code,global,86.61894975286022,17.860777144231054,33.1219028741328,99.86807387862797,125
collaborative,12,code,large,86.61894975286022,17.860777144231054,33.1219028741328,99.86807387862797,125
collaborative,14,code,global,86.63663505972508,17.83035293922165,33.1219028741328,99.86807387862797,125
collaborative,14,code,large,86.63663505972508,17.83035293922165,33.1219028741328,99.86807387862797,125
collaborative,16,code,global,86.75853862707775,17.809457114727692,33.1219028741328,99.86807387862797,125
collaborative,16,code,large,86.75853862707775,17.809457114727692,33.1219028741328,99.86807387862797,125
collaborative,18,code,global,86.91195545310154,17.81983988450029,33.1219028741328,99.86807387862797,125
collaborative,18,code,large,86.91195545310154,17.81983988450029,33.1219028741328,99.86807387862797,125
collaborative,20,code,global,87.23326939003142,17.8212888001863,33.522504892367905,99.86807387862797,125
collaborative,20,code,large,87.23326939003142,17.8212888001863,33.522504892367905,99.86807387862797,125
collaborative,22,code,global,87.23477032811772,17.819301016715293,33.522504892367905,99.86807387862797,125
collaborative,22,code,large,87.23477032811772,17.819301016715293,33.522504892367905,99.86807387862797,125
collaborative,24,code,global,87.25828703150148,17.801653717250392,33.522504892367905,99.86807387862797,125
collaborative,24,code,large,87.25828703150148,17.801653717250392,33.522504892367905,99.86807387862797,125
collaborative,26,code,global,87.38446618732716,17.67006292267594,33.522504892367905,99.86807387862797,125
collaborative,26,code,large,87.38446618732716,17.67006292267594,33.522504892367905,99.86807387862797,125
collaborative,28,code,global,87.38446618732715,17.67006292267594,33.522504892367905,99.86807387862797,125
collaborative,28,code,large,87.38446618732715,17.67006292267594,33.522504892367905,99.86807387862797,125
collaborative,30,code,global,87.38802222828673,17.668177428935717,33.522504892367905,99.86807387862797,125
collaborative,30,code,large,87.38802222828673,17.668177428935717,33.522504892367905,99.86807387862797,125
collaborative,32,code,global,87.49516274242056,17.612702183385572,33.522504892367905,99.86807387862797,125
collaborative,32,code,large,87.49516274242056,17.612702183385572,33.522504892367905,99.86807387862797,125
collaborative,34,code,global,87.49923843383255,17.605800550395003,33.522504892367905,99.86807387862797,125
collaborative,34,code,large,87.49923843383255,17.605800550395003,33.522504892367905,99.86807387862797,125
collaborative,36,code,global,87.5805929965019,17.63552495661472,33.522504892367905,99.86807387862797,125
collaborative,36,code,large,87.5805929965019,17.63552495661472,33.522504892367905,99.86807387862797,125
collaborative,38,code,global,87.58059299650192,17.635524956614724,33.522504892367905,99.86807387862797,125
collaborative,38,code,large,87.58059299650192,17.635524956614724,33.522504892367905,99.86807387862797,125
collaborative,40,code,global,87.6578034956167,17.60739318696763,33.522504892367905,99.86807387862797,125
collaborative,40,code,large,87.6578034956167,17.60739318696763,33.522504892367905,99.86807387862797,125
collaborative,42,code,global,87.74609084595508,17.560018180462137,33.522504892367905,99.86807387862797,125
collaborative,42,code,large,87.74609084595508,17.560018180462137,33.522504892367905,99.86807387862797,125
collaborative,44,code,global,87.92671950157074,17.512052928235978,33.522504892367905,99.86807387862797,125
collaborative,44,code,large,87.92671950157074,17.512052928235978,33.522504892367905,99.86807387862797,125
collaborative,46,code,global,87.92822043965704,17.5099866801326,33.522504892367905,99.86807387862797,125
collaborative,46,code,large,87.92822043965704,17.5099866801326,33.522504892367905,99.86807387862797,125
collaborative,48,code,global,87.94150107206809,17.504177289067588,33.522504892367905,99.86807387862797,125
collaborative,48,code,large,87.94150107206809,17.504177289067588,33.522504892367905,99.86807387862797,125
collaborative,50,code,global,87.76107791881978,17.56686390103488,33.522504892367905,99.86807387862797,126
collaborative,50,code,small,63.114754098360656,0,63.114754098360656,63.114754098360656,1
collaborative,50,code,large,87.95824850938345,17.497572932019335,33.522504892367905,99.86807387862797,125
collaborative,52,code,global,87.91285173425568,17.34351573525457,33.522504892367905,99.86807387862797,126
collaborative,52,code,small,63.114754098360656,0,63.114754098360656,63.114754098360656,1
collaborative,52,code,large,88.11123651534284,17.26977118178619,33.522504892367905,99.86807387862797,125
collaborative,54,code,global,88.04454924586585,17.177573599156602,33.522504892367905,99.86807387862797,126
collaborative,54,code,small,63.114754098360656,0,63.114754098360656,63.114754098360656,1
collaborative,54,code,large,88.2439876070459,17.100229644182992,33.522504892367905,99.86807387862797,125
collaborative,56,code,global,88.04454924586585,17.177573599156606,33.522504892367905,99.86807387862797,126
collaborative,56,code,small,63.114754098360656,0,63.114754098360656,63.114754098360656,1
collaborative,56,code,large,88.2439876070459,17.100229644182996,33.522504892367905,99.86807387862797,125
collaborative,58,code,global,88.04454924586585,17.177573599156606,33.522504892367905,99.86807387862797,126
collaborative,58,code,small,63.114754098360656,0,63.114754098360656,63.114754098360656,1
collaborative,58,code,large,88.2439876070459,17.100229644182996,33.522504892367905,99.86807387862797,125
collaborative,60,code,global,88.04806097504127,17.176747536033723,33.522504892367905,99.86807387862797,126
collaborative,60,code,small,63.114754098360656,0,63.114754098360656,63.114754098360656,1
collaborative,60,code,large,88.24752743005472,17.099351916457074,33.522504892367905,99.86807387862797,125
collaborative,62,code,global,88.07667605239145,17.18691362793211,33.522504892367905,99.86807387862797,126
collaborative,62,code,small,63.114754098360656,0,63.114754098360656,63.114754098360656,1
collaborative,62,code,large,88.27637142802371,17.109309203771755,33.522504892367905,99.86807387862797,125
collaborative,64,code,global,88.07667605239145,17.186913627932118,33.522504892367905,99.86807387862797,126
collaborative,64,code,small,63.114754098360656,0,63.114754098360656,63.114754098360656,1
collaborative,64,code,large,88.27637142802371,17.10930920377175,33.522504892367905,99.86807387862797,125
collaborative,66,code,global,88.07919977538762,17.182332240251597,33.522504892367905,99.86807387862797,126
collaborative,66,code,small,63.114754098360656,0,63.114754098360656,63.114754098360656,1
collaborative,66,code,large,88.27891534080383,17.10464050640484,33.522504892367905,99.86807387862797,125
collaborative,68,code,global,88.07919977538762,17.182332240251597,33.522504892367905,99.86807387862797,126
collaborative,68,code,small,63.114754098360656,0,63.114754098360656,63.114754098360656,1
collaborative,68,code,large,88.27891534080383,17.104640506404845,33.522504892367905,99.86807387862797,125
collaborative,70,code,global,88.26760195601759,17.12262470447197,33.522504892367905,99.86807387862797,126
collaborative,70,code,small,63.114754098360656,0,63.114754098360656,63.114754098360656,1
collaborative,70,code,large,88.46882473887885,17.04194631881023,33.522504892367905,99.86807387862797,125
collaborative,72,code,global,88.29506125681654,17.08972098140442,33.522504892367905,99.86807387862797,126
collaborative,72,code,small,63.114754098360656,0,63.114754098360656,63.114754098360656,1
collaborative,72,code,large,88.49650371408418,17.008294144789737,33.522504892367905,99.86807387862797,125
collaborative,74,code,global,88.30307793149989,17.094814191503843,33.522504892367905,99.86807387862797,126
collaborative,74,code,small,63.114754098360656,0,63.114754098360656,63.114754098360656,1
collaborative,74,code,large,88.504584522165,17.013356971912135,33.522504892367905,99.86807387862797,125
collaborative,76,code,global,88.30307793149989,17.09481419150384,33.522504892367905,99.86807387862797,126
collaborative,76,code,small,63.114754098360656,0,63.114754098360656,63.114754098360656,1
collaborative,76,code,large,88.504584522165,17.01335697191214,33.522504892367905,99.86807387862797,125
collaborative,78,code,global,88.36702136037222,17.10919059987887,33.522504892367905,99.86807387862797,126
collaborative,78,code,small,63.114754098360656,0,63.114754098360656,63.114754098360656,1
collaborative,78,code,large,88.56903949846833,17.02715392729364,33.522504892367905,99.86807387862797,125
collaborative,80,code,global,88.36702136037218,17.109190599878875,33.522504892367905,99.86807387862797,126
collaborative,80,code,small,63.114754098360656,0,63.114754098360656,63.114754098360656,1
collaborative,80,code,large,88.5690394984683,17.027153927293643,33.522504892367905,99.86807387862797,125
collaborative,82,code,global,88.3670213603722,17.10919059987888,33.522504892367905,99.86807387862797,126
collaborative,82,code,small,63.114754098360656,0,63.114754098360656,63.114754098360656,1
collaborative,82,code,large,88.56903949846831,17.02715392729364,33.522504892367905,99.86807387862797,125
collaborative,84,code,global,88.36702136037222,17.109190599878875,33.522504892367905,99.86807387862797,126
collaborative,84,code,small,63.114754098360656,0,63.114754098360656,63.114754098360656,1
collaborative,84,code,large,88.56903949846833,17.02715392729364,33.522504892367905,99.86807387862797,125
collaborative,86,code,global,88.3670213603722,17.10919059987888,33.522504892367905,99.86807387862797,126
collaborative,86,code,small,63.114754098360656,0,63.114754098360656,63.114754098360656,1
collaborative,86,code,large,88.56903949846831,17.02715392729364,33.522504892367905,99.86807387862797,125
collaborative,88,code,global,88.36702136037219,17.109190599878865,33.522504892367905,99.86807387862797,126
collaborative,88,code,small,63.114754098360656,0,63.114754098360656,63.114754098360656,1
collaborative,88,code,large,88.5690394984683,17.02715392729364,33.522504892367905,99.86807387862797,125
collaborative,90,code,global,88.55300449299105,17.087075783331887,33.522504892367905,99.86807387862797,126
collaborative,90,code,small,63.114754098360656,0,63.114754098360656,63.114754098360656,1
collaborative,90,code,large,88.7565104961481,17.002519011531476,33.522504892367905,99.86807387862797,125
collaborative,92,code,global,88.55300449299106,17.087075783331883,33.522504892367905,99.86807387862797,126
collaborative,92,code,small,63.114754098360656,0,63.114754098360656,63.114754098360656,1
collaborative,92,code,large,88.75651049614811,17.00251901153148,33.522504892367905,99.86807387862797,125
collaborative,94,code,global,88.55300449299109,17.087075783331887,33.522504892367905,99.86807387862797,126
collaborative,94,code,small,63.114754098360656,0,63.114754098360656,63.114754098360656,1
collaborative,94,code,large,88.75651049614814,17.002519011531483,33.522504892367905,99.86807387862797,125
collaborative,96,code,global,88.60593805613995,17.055290005740503,33.522504892367905,99.86807387862797,126
collaborative,96,code,small,63.114754098360656,0,63.114754098360656,63.114754098360656,1
collaborative,96,code,large,88.80986752780218,16.96967853588818,33.522504892367905,99.86807387862797,125
collaborative,98,code,global,88.60593805613992,17.055290005740495,33.522504892367905,99.86807387862797,126
collaborative,98,code,small,63.114754098360656,0,63.114754098360656,63.114754098360656,1
collaborative,98,code,large,88.80986752780215,16.969678535888175,33.522504892367905,99.86807387862797,125
collaborative,100,code,global,88.68986536185815,17.014112330136086,33.522504892367905,99.86807387862797,127
collaborative,100,code,small,81.1897299903568,18.074975891996143,63.114754098360656,99.26470588235294,2
collaborative,100,code,large,88.80986752780218,16.969678535888175,33.522504892367905,99.86807387862797,125
collaborative,102,code,global,88.68986536185811,17.01411233013609,33.522504892367905,99.86807387862797,127
collaborative,102,code,small,81.1897299903568,18.074975891996143,63.114754098360656,99.26470588235294,2
collaborative,102,code,large,88.80986752780213,16.969678535888175,33.522504892367905,99.86807387862797,125
collaborative,104,code,global,88.77325233983937,16.978846330259454,33.522504892367905,99.86807387862797,127
collaborative,104,code,small,81.1897299903568,18.074975891996143,63.114754098360656,99.26470588235294,2
collaborative,104,code,large,88.8945886974311,16.93314993504324,33.522504892367905,99.86807387862797,125
collaborative,106,code,global,88.77325233983936,16.978846330259454,33.522504892367905,99.86807387862797,127
collaborative,106,code,small,81.1897299903568,18.074975891996143,63.114754098360656,99.26470588235294,2
collaborative,106,code,large,88.89458869743109,16.93314993504324,33.522504892367905,99.86807387862797,125
collaborative,108,code,global,88.77325233983936,16.978846330259454,33.522504892367905,99.86807387862797,127
collaborative,108,code,small,81.1897299903568,18.074975891996143,63.114754098360656,99.26470588235294,2
collaborative,108,code,large,88.8945886974311,16.93314993504324,33.522504892367905,99.86807387862797,125
collaborative,110,code,global,88.82838274682068,16.97536170339145,33.522504892367905,99.86807387862797,127
collaborative,110,code,small,81.1897299903568,18.074975891996143,63.114754098360656,99.26470588235294,2
collaborative,110,code,large,88.9506011909241,16.929197080233436,33.522504892367905,99.86807387862797,125
collaborative,112,code,global,89.01290144532442,16.94823371599712,33.522504892367905,99.86807387862797,127
collaborative,112,code,small,81.1897299903568,18.074975891996143,63.114754098360656,99.26470588235294,2
collaborative,112,code,large,89.1380721886039,16.90018734076047,33.522504892367905,99.86807387862797,125
collaborative,114,code,global,89.0300188708636,16.95006880515271,33.522504892367905,99.86807387862797,127
collaborative,114,code,small,81.1897299903568,18.074975891996143,63.114754098360656,99.26470588235294,2
collaborative,114,code,large,89.15546349295171,16.901928154343043,33.522504892367905,99.86807387862797,125
collaborative,116,code,global,89.03001887086363,16.950068805152707,33.522504892367905,99.86807387862797,127
collaborative,116,code,small,81.1897299903568,18.074975891996143,63.114754098360656,99.26470588235294,2
collaborative,116,code,large,89.15546349295172,16.90192815434304,33.522504892367905,99.86807387862797,125
collaborative,118,code,global,89.03001887086364,16.9500688051527,33.522504892367905,99.86807387862797,127
collaborative,118,code,small,81.1897299903568,18.074975891996143,63.114754098360656,99.26470588235294,2
collaborative,118,code,large,89.15546349295177,16.90192815434304,33.522504892367905,99.86807387862797,125
collaborative,120,code,global,89.03001887086363,16.950068805152704,33.522504892367905,99.86807387862797,127
collaborative,120,code,small,81.1897299903568,18.074975891996143,63.114754098360656,99.26470588235294,2
collaborative,120,code,large,89.15546349295175,16.901928154343047,33.522504892367905,99.86807387862797,125
collaborative,122,code,global,89.03001887086366,16.950068805152704,33.522504892367905,99.86807387862797,127
collaborative,122,code,small,81.1897299903568,18.074975891996143,63.114754098360656,99.26470588235294,2
collaborative,122,code,large,89.15546349295175,16.901928154343047,33.522504892367905,99.86807387862797,125
collaborative,124,code,global,89.03001887086366,16.950068805152704,33.522504892367905,99.86807387862797,127
collaborative,124,code,small,81.1897299903568,18.074975891996143,63.114754098360656,99.26470588235294,2
collaborative,124,code,large,89.15546349295175,16.901928154343043,33.522504892367905,99.86807387862797,125
collaborative,126,code,global,89.0304870977664,16.94854814902949,33.522504892367905,99.86807387862797,127
collaborative,126,code,small,81.1897299903568,18.074975891996143,63.114754098360656,99.26470588235294,2
collaborative,126,code,large,89.15593921148495,16.900375234552513,33.522504892367905,99.86807387862797,125
collaborative,128,code,global,89.03048709776638,16.948548149029495,33.522504892367905,99.86807387862797,127
collaborative,128,code,small,81.1897299903568,18.074975891996143,63.114754098360656,99.26470588235294,2
collaborative,128,code,large,89.15593921148493,16.900375234552513,33.522504892367905,99.86807387862797,125
collaborative,130,code,global,89.29864243283868,16.632090633225918,33.522504892367905,99.86807387862797,127
collaborative,130,code,small,81.1897299903568,18.074975891996143,63.114754098360656,99.26470588235294,2
collaborative,130,code,large,89.42838503191838,16.57577392700556,33.522504892367905,99.86807387862797,125
collaborative,132,code,global,89.29864243283869,16.632090633225918,33.522504892367905,99.86807387862797,127
collaborative,132,code,small,81.1897299903568,18.074975891996143,63.114754098360656,99.26470588235294,2
collaborative,132,code,large,89.4283850319184,16.575773927005564,33.522504892367905,99.86807387862797,125
collaborative,134,code,global,89.32074901565545,16.619485990182746,33.522504892367905,99.86807387862797,127
collaborative,134,code,small,81.1897299903568,18.074975891996143,63.114754098360656,99.26470588235294,2
collaborative,134,code,large,89.45084532006024,16.562747808879138,33.522504892367905,99.86807387862797,125
collaborative,136,code,global,89.32074901565545,16.619485990182746,33.522504892367905,99.86807387862797,127
collaborative,136,code,small,81.1897299903568,18.074975891996143,63.114754098360656,99.26470588235294,2
collaborative,136,code,large,89.45084532006024,16.562747808879134,33.522504892367905,99.86807387862797,125
collaborative,138,code,global,89.33445784230054,16.59893545001354,33.522504892367905,99.86807387862797,127
collaborative,138,code,small,81.1897299903568,18.074975891996143,63.114754098360656,99.26470588235294,2
collaborative,138,code,large,89.46477348793164,16.54168700317304,33.522504892367905,99.86807387862797,125
collaborative,140,code,global,89.33961683859594,16.598454612572535,33.522504892367905,99.86807387862797,127
collaborative,140,code,small,81.1897299903568,18.074975891996143,63.114754098360656,99.26470588235294,2
collaborative,140,code,large,89.4700150281678,16.54115547415087,33.522504892367905,99.86807387862797,125
collaborative,142,code,global,89.33961683859597,16.598454612572535,33.522504892367905,99.86807387862797,127
collaborative,142,code,small,81.1897299903568,18.074975891996143,63.114754098360656,99.26470588235294,2
collaborative,142,code,large,89.47001502816781,16.541155474150873,33.522504892367905,99.86807387862797,125
collaborative,144,code,global,89.33961683859597,16.598454612572535,33.522504892367905,99.86807387862797,127
collaborative,144,code,small,81.1897299903568,18.074975891996143,63.114754098360656,99.26470588235294,2
collaborative,144,code,large,89.47001502816781,16.541155474150873,33.522504892367905,99.86807387862797,125
collaborative,146,code,global,89.33961683859596,16.598454612572535,33.522504892367905,99.86807387862797,127
collaborative,146,code,small,81.1897299903568,18.074975891996143,63.114754098360656,99.26470588235294,2
collaborative,146,code,large,89.4700150281678,16.54115547415087,33.522504892367905,99.86807387862797,125
collaborative,148,code,global,89.33961683859599,16.59845461257253,33.522504892367905,99.86807387862797,127
collaborative,148,code,small,81.1897299903568,18.074975891996143,63.114754098360656,99.26470588235294,2
collaborative,148,code,large,89.47001502816782,16.541155474150873,33.522504892367905,99.86807387862797,125
collaborative,150,code,global,89.36277257083576,16.603451441104177,33.522504892367905,99.86807387862797,127
collaborative,150,code,small,81.1897299903568,18.074975891996143,63.114754098360656,99.26470588235294,2
collaborative,150,code,large,89.49354125212342,16.546064149788464,33.522504892367905,99.86807387862797,125
collaborative,152,code,global,89.36277257083574,16.603451441104177,33.522504892367905,99.86807387862797,127
collaborative,152,code,small,81.1897299903568,18.074975891996143,63.114754098360656,99.26470588235294,2
collaborative,152,code,large,89.4935412521234,16.546064149788464,33.522504892367905,99.86807387862797,125
collaborative,154,code,global,89.36277257083577,16.603451441104177,33.522504892367905,99.86807387862797,127
collaborative,154,code,small,81.1897299903568,18.074975891996143,63.114754098360656,99.26470588235294,2
collaborative,154,code,large,89.49354125212345,16.546064149788464,33.522504892367905,99.86807387862797,125
collaborative,156,code,global,89.36277257083576,16.603451441104173,33.522504892367905,99.86807387862797,127
collaborative,156,code,small,81.1897299903568,18.074975891996143,63.114754098360656,99.26470588235294,2
collaborative,156,code,large,89.49354125212342,16.546064149788464,33.522504892367905,99.86807387862797,125
collaborative,158,code,global,89.36277257083577,16.603451441104173,33.522504892367905,99.86807387862797,127
collaborative,158,code,small,81.1897299903568,18.074975891996143,63.114754098360656,99.26470588235294,2
collaborative,158,code,large,89.49354125212344,16.546064149788467,33.522504892367905,99.86807387862797,125
collaborative,160,code,global,89.36277257083573,16.603451441104166,33.522504892367905,99.86807387862797,127
collaborative,160,code,small,81.1897299903568,18.074975891996143,63.114754098360656,99.26470588235294,2
collaborative,160,code,large,89.49354125212342,16.546064149788464,33.522504892367905,99.86807387862797,125
collaborative,162,code,global,89.36277257083577,16.603451441104173,33.522504892367905,99.86807387862797,127
collaborative,162,code,small,81.1897299903568,18.074975891996143,63.114754098360656,99.26470588235294,2
collaborative,162,code,large,89.49354125212342,16.546064149788464,33.522504892367905,99.86807387862797,125
collaborative,164,code,global,89.36277257083579,16.603451441104177,33.522504892367905,99.86807387862797,127
collaborative,164,code,small,81.1897299903568,18.074975891996143,63.114754098360656,99.26470588235294,2
collaborative,164,code,large,89.49354125212345,16.546064149788464,33.522504892367905,99.86807387862797,125
collaborative,166,code,global,89.36277257083574,16.603451441104177,33.522504892367905,99.86807387862797,127
collaborative,166,code,small,81.1897299903568,18.074975891996143,63.114754098360656,99.26470588235294,2
collaborative,166,code,large,89.49354125212342,16.546064149788464,33.522504892367905,99.86807387862797,125
collaborative,168,code,global,89.36277257083576,16.603451441104173,33.522504892367905,99.86807387862797,127
collaborative,168,code,small,81.1897299903568,18.074975891996143,63.114754098360656,99.26470588235294,2
collaborative,168,code,large,89.49354125212342,16.546064149788464,33.522504892367905,99.86807387862797,125
collaborative,170,code,global,89.36277257083579,16.60345144110417,33.522504892367905,99.86807387862797,127
collaborative,170,code,small,81.1897299903568,18.074975891996143,63.114754098360656,99.26470588235294,2
collaborative,170,code,large,89.49354125212344,16.546064149788464,33.522504892367905,99.86807387862797,125
collaborative,172,code,global,89.36277257083576,16.603451441104173,33.522504892367905,99.86807387862797,127
collaborative,172,code,small,81.1897299903568,18.074975891996143,63.114754098360656,99.26470588235294,2
collaborative,172,code,large,89.4935412521234,16.546064149788464,33.522504892367905,99.86807387862797,125
collaborative,174,code,global,89.38244568710508,16.56658181735016,33.522504892367905,99.86807387862797,127
collaborative,174,code,small,81.1897299903568,18.074975891996143,63.114754098360656,99.26470588235294,2
collaborative,174,code,large,89.51352913825306,16.50831520373365,33.522504892367905,99.86807387862797,125
collaborative,176,code,global,89.38244568710506,16.566581817350162,33.522504892367905,99.86807387862797,127
collaborative,176,code,small,81.1897299903568,18.074975891996143,63.114754098360656,99.26470588235294,2
collaborative,176,code,large,89.51352913825302,16.50831520373365,33.522504892367905,99.86807387862797,125
collaborative,178,code,global,89.3824456871051,16.56658181735016,33.522504892367905,99.86807387862797,127
collaborative,178,code,small,81.1897299903568,18.074975891996143,63.114754098360656,99.26470588235294,2
collaborative,178,code,large,89.51352913825308,16.50831520373365,33.522504892367905,99.86807387862797,125
collaborative,180,code,global,89.43206533762644,16.573317948297763,33.522504892367905,99.86807387862797,127
collaborative,180,code,small,81.1897299903568,18.074975891996143,63.114754098360656,99.26470588235294,2
collaborative,180,code,large,89.56394270318273,16.514781879676743,33.522504892367905,99.86807387862797,125
collaborative,182,code,global,89.43206533762644,16.573317948297756,33.522504892367905,99.86807387862797,127
collaborative,182,code,small,81.1897299903568,18.074975891996143,63.114754098360656,99.26470588235294,2
collaborative,182,code,large,89.56394270318275,16.514781879676743,33.522504892367905,99.86807387862797,125
collaborative,184,code,global,89.43206533762644,16.57331794829776,33.522504892367905,99.86807387862797,127
collaborative,184,code,small,81.1897299903568,18.074975891996143,63.114754098360656,99.26470588235294,2
collaborative,184,code,large,89.56394270318275,16.514781879676747,33.522504892367905,99.86807387862797,125
collaborative,186,code,global,89.43206533762644,16.573317948297756,33.522504892367905,99.86807387862797,127
collaborative,186,code,small,81.1897299903568,18.074975891996143,63.114754098360656,99.26470588235294,2
collaborative,186,code,large,89.56394270318275,16.514781879676747,33.522504892367905,99.86807387862797,125
collaborative,188,code,global,89.43206533762644,16.573317948297763,33.522504892367905,99.86807387862797,127
collaborative,188,code,small,81.1897299903568,18.074975891996143,63.114754098360656,99.26470588235294,2
collaborative,188,code,large,89.56394270318275,16.514781879676743,33.522504892367905,99.86807387862797,125
collaborative,190,code,global,89.43206533762641,16.573317948297763,33.522504892367905,99.86807387862797,127
collaborative,190,code,small,81.1897299903568,18.074975891996143,63.114754098360656,99.26470588235294,2
collaborative,190,code,large,89.56394270318272,16.514781879676736,33.522504892367905,99.86807387862797,125
collaborative,192,code,global,89.43206533762643,16.57331794829776,33.522504892367905,99.86807387862797,127
collaborative,192,code,small,81.1897299903568,18.074975891996143,63.114754098360656,99.26470588235294,2
collaborative,192,code,large,89.56394270318272,16.514781879676736,33.522504892367905,99.86807387862797,125
collaborative,194,code,global,89.43818345398077,16.564652452197347,33.522504892367905,99.86807387862797,127
collaborative,194,code,small,81.1897299903568,18.074975891996143,63.114754098360656,99.26470588235294,2
collaborative,194,code,large,89.57015870939877,16.505896793547247,33.522504892367905,99.86807387862797,125
collaborative,196,code,global,89.43818345398077,16.564652452197347,33.522504892367905,99.86807387862797,127
collaborative,196,code,small,81.1897299903568,18.074975891996143,63.114754098360656,99.26470588235294,2
collaborative,196,code,large,89.57015870939877,16.505896793547247,33.522504892367905,99.86807387862797,125
collaborative,198,code,global,89.43818345398078,16.564652452197343,33.522504892367905,99.86807387862797,127
collaborative,198,code,small,81.1897299903568,18.074975891996143,63.114754098360656,99.26470588235294,2
collaborative,198,code,large,89.57015870939878,16.505896793547247,33.522504892367905,99.86807387862797,125
collaborative,200,code,global,89.43818345398077,16.564652452197347,33.522504892367905,99.86807387862797,127
collaborative,200,code,small,81.1897299903568,18.074975891996143,63.114754098360656,99.26470588235294,2
collaborative,200,code,large,89.57015870939877,16.505896793547247,33.522504892367905,99.86807387862797,125
collaborative,202,code,global,89.44787162776,16.56404692054905,33.522504892367905,99.86807387862797,127
collaborative,202,code,small,81.1897299903568,18.074975891996143,63.114754098360656,99.26470588235294,2
collaborative,202,code,large,89.58000189395845,16.505200631203753,33.522504892367905,99.86807387862797,125
collaborative,204,code,global,89.44787162776005,16.564046920549053,33.522504892367905,99.86807387862797,127
collaborative,204,code,small,81.1897299903568,18.074975891996143,63.114754098360656,99.26470588235294,2
collaborative,204,code,large,89.58000189395848,16.50520063120375,33.522504892367905,99.86807387862797,125
collaborative,206,code,global,89.44787162776001,16.564046920549057,33.522504892367905,99.86807387862797,127
collaborative,206,code,small,81.1897299903568,18.074975891996143,63.114754098360656,99.26470588235294,2
collaborative,206,code,large,89.58000189395845,16.505200631203753,33.522504892367905,99.86807387862797,125
collaborative,208,code,global,89.46536944053342,16.573672761194306,33.522504892367905,99.86807387862797,127
collaborative,208,code,small,81.1897299903568,18.074975891996143,63.114754098360656,99.26470588235294,2
collaborative,208,code,large,89.59777967173623,16.514872902861242,33.522504892367905,99.86807387862797,125
collaborative,210,code,global,89.4653694405334,16.573672761194313,33.522504892367905,99.86807387862797,127
collaborative,210,code,small,81.1897299903568,18.074975891996143,63.114754098360656,99.26470588235294,2
collaborative,210,code,large,89.59777967173622,16.514872902861246,33.522504892367905,99.86807387862797,125
collaborative,212,code,global,89.46536944053342,16.57367276119431,33.522504892367905,99.86807387862797,127
collaborative,212,code,small,81.1897299903568,18.074975891996143,63.114754098360656,99.26470588235294,2
collaborative,212,code,large,89.59777967173625,16.514872902861246,33.522504892367905,99.86807387862797,125
collaborative,214,code,global,89.52756763662053,16.59612737557,33.522504892367905,99.86807387862797,127
collaborative,214,code,small,81.1897299903568,18.074975891996143,63.114754098360656,99.26470588235294,2
collaborative,214,code,large,89.66097303896076,16.537259788878014,33.522504892367905,99.86807387862797,125
collaborative,216,code,global,89.52756763662052,16.59612737557,33.522504892367905,99.86807387862797,127
collaborative,216,code,small,81.1897299903568,18.074975891996143,63.114754098360656,99.26470588235294,2
collaborative,216,code,large,89.66097303896075,16.53725978887801,33.522504892367905,99.86807387862797,125
collaborative,218,code,global,89.52756763662056,16.596127375570003,33.522504892367905,99.86807387862797,127
collaborative,218,code,small,81.1897299903568,18.074975891996143,63.114754098360656,99.26470588235294,2
collaborative,218,code,large,89.6609730389608,16.53725978887801,33.522504892367905,99.86807387862797,125
collaborative,220,code,global,89.57018473216402,16.610714518424608,33.522504892367905,99.86807387862797,127
collaborative,220,code,small,81.1897299903568,18.074975891996143,63.114754098360656,99.26470588235294,2
collaborative,220,code,large,89.70427200803293,16.551783058064842,33.522504892367905,99.86807387862797,125
collaborative,222,code,global,89.5723099725818,16.606747558823113,33.522504892367905,99.86807387862797,127
collaborative,222,code,small,81.1897299903568,18.074975891996143,63.114754098360656,99.26470588235294,2
collaborative,222,code,large,89.7064312522974,16.54772076710416,33.522504892367905,99.86807387862797,125
collaborative,224,code,global,89.57230997258185,16.606747558823116,33.522504892367905,99.86807387862797,127
collaborative,224,code,small,81.1897299903568,18.074975891996143,63.114754098360656,99.26470588235294,2
collaborative,224,code,large,89.70643125229743,16.54772076710416,33.522504892367905,99.86807387862797,125
collaborative,226,code,global,89.7568286710856,16.570734704490686,33.522504892367905,99.86807387862797,127
collaborative,226,code,small,81.1897299903568,18.074975891996143,63.114754098360656,99.26470588235294,2
collaborative,226,code,large,89.89390224997729,16.509460576472573,33.522504892367905,99.86807387862797,125
collaborative,228,code,global,89.7568286710856,16.570734704490686,33.522504892367905,99.86807387862797,127
collaborative,228,code,small,81.1897299903568,18.074975891996143,63.114754098360656,99.26470588235294,2
collaborative,228,code,large,89.89390224997729,16.509460576472573,33.522504892367905,99.86807387862797,125
collaborative,230,code,global,89.75682867108559,16.570734704490683,33.522504892367905,99.86807387862797,127
collaborative,230,code,small,81.1897299903568,18.074975891996143,63.114754098360656,99.26470588235294,2
collaborative,230,code,large,89.89390224997726,16.509460576472577,33.522504892367905,99.86807387862797,125
collaborative,232,code,global,89.77343051151816,16.57962843456495,33.522504892367905,99.86807387862797,127
collaborative,232,code,small,81.1897299903568,18.074975891996143,63.114754098360656,99.26470588235294,2
collaborative,232,code,large,89.91076971985675,16.518389980394808,33.522504892367905,99.86807387862797,125
collaborative,234,code,global,89.78327303120321,16.585218546670834,33.522504892367905,99.86807387862797,127
collaborative,234,code,small,81.1897299903568,18.074975891996143,63.114754098360656,99.26470588235294,2
collaborative,234,code,large,89.92076971985675,16.524007405028566,33.522504892367905,99.86807387862797,125
collaborative,236,code,global,89.78327303120322,16.58521854667083,33.522504892367905,99.86807387862797,127
collaborative,236,code,small,81.1897299903568,18.074975891996143,63.114754098360656,99.26470588235294,2
collaborative,236,code,large,89.92076971985676,16.524007405028563,33.522504892367905,99.86807387862797,125
collaborative,238,code,global,89.81066091206594,16.580135596259794,33.522504892367905,99.86807387862797,127
collaborative,238,code,small,81.1897299903568,18.074975891996143,63.114754098360656,99.26470588235294,2
collaborative,238,code,large,89.94859580681329,16.51859199333187,33.522504892367905,99.86807387862797,125
collaborative,240,code,global,89.81066091206596,16.58013559625979,33.522504892367905,99.86807387862797,127
collaborative,240,code,small,81.1897299903568,18.074975891996143,63.114754098360656,99.26470588235294,2
collaborative,240,code,large,89.94859580681332,16.51859199333187,33.522504892367905,99.86807387862797,125
collaborative,242,code,global,89.83806467917049,16.553023112226494,33.522504892367905,99.86807387862797,127
collaborative,242,code,small,81.1897299903568,18.074975891996143,63.114754098360656,99.26470588235294,2
collaborative,242,code,large,89.97643803419149,16.490709293805754,33.522504892367905,99.86807387862797,125
collaborative,244,code,global,89.83806467917042,16.553023112226498,33.522504892367905,99.86807387862797,127
collaborative,244,code,small,81.1897299903568,18.074975891996143,63.114754098360656,99.26470588235294,2
collaborative,244,code,large,89.97643803419142,16.490709293805757,33.522504892367905,99.86807387862797,125
collaborative,246,code,global,89.83806467917049,16.5530231122265,33.522504892367905,99.86807387862797,127
collaborative,246,code,small,81.1897299903568,18.074975891996143,63.114754098360656,99.26470588235294,2
collaborative,246,code,large,89.97643803419152,16.49070929380575,33.522504892367905,99.86807387862797,125
collaborative,248,code,global,89.83806467917046,16.553023112226494,33.522504892367905,99.86807387862797,127
collaborative,248,code,small,81.1897299903568,18.074975891996143,63.114754098360656,99.26470588235294,2
collaborative,248,code,large,89.97643803419147,16.49070929380575,33.522504892367905,99.86807387862797,125
collaborative,250,code,global,89.8380646791705,16.553023112226494,33.522504892367905,99.86807387862797,127
collaborative,250,code,small,81.1897299903568,18.074975891996143,63.114754098360656,99.26470588235294,2
collaborative,250,code,large,89.9764380341915,16.490709293805757,33.522504892367905,99.86807387862797,125
collaborative,252,code,global,89.83806467917046,16.55302311222649,33.522504892367905,99.86807387862797,127
collaborative,252,code,small,81.1897299903568,18.074975891996143,63.114754098360656,99.26470588235294,2
collaborative,252,code,large,89.97643803419147,16.490709293805754,33.522504892367905,99.86807387862797,125
collaborative,254,code,global,89.85227037768497,16.560740797696322,33.522504892367905,99.86807387862797,127
collaborative,254,code,small,81.1897299903568,18.074975891996143,63.114754098360656,99.26470588235294,2
collaborative,254,code,large,89.9908710238822,16.498458899252366,33.522504892367905,99.86807387862797,125
collaborative,256,code,global,89.85944347896506,16.56344896815093,33.522504892367905,99.86807387862797,127
collaborative,256,code,small,81.1897299903568,18.074975891996143,63.114754098360656,99.26470588235294,2
collaborative,256,code,large,89.99815889478279,16.501159542709434,33.522504892367905,99.86807387862797,125
collaborative,258,code,global,89.85944347896503,16.563448968150933,33.522504892367905,99.86807387862797,127
collaborative,258,code,small,81.1897299903568,18.074975891996143,63.114754098360656,99.26470588235294,2
collaborative,258,code,large,89.99815889478278,16.50115954270943,33.522504892367905,99.86807387862797,125
collaborative,260,code,global,89.85944347896502,16.563448968150933,33.522504892367905,99.86807387862797,127
collaborative,260,code,small,81.1897299903568,18.074975891996143,63.114754098360656,99.26470588235294,2
collaborative,260,code,large,89.99815889478276,16.501159542709434,33.522504892367905,99.86807387862797,125
collaborative,262,code,global,89.85944347896505,16.563448968150936,33.522504892367905,99.86807387862797,127
collaborative,262,code,small,81.1897299903568,18.074975891996143,63.114754098360656,99.26470588235294,2
collaborative,262,code,large,89.99815889478279,16.501159542709434,33.522504892367905,99.86807387862797,125
collaborative,264,code,global,89.859443478965,16.563448968150933,33.522504892367905,99.86807387862797,127
collaborative,264,code,small,81.1897299903568,18.074975891996143,63.114754098360656,99.26470588235294,2
collaborative,264,code,large,89.99815889478276,16.501159542709427,33.522504892367905,99.86807387862797,125
collaborative,266,code,global,89.85944347896503,16.563448968150933,33.522504892367905,99.86807387862797,127
collaborative,266,code,small,81.1897299903568,18.074975891996143,63.114754098360656,99.26470588235294,2
collaborative,266,code,large,89.99815889478278,16.501159542709434,33.522504892367905,99.86807387862797,125
collaborative,268,code,global,89.85944347896499,16.563448968150936,33.522504892367905,99.86807387862797,127
collaborative,268,code,small,81.1897299903568,18.074975891996143,63.114754098360656,99.26470588235294,2
collaborative,268,code,large,89.99815889478273,16.50115954270943,33.522504892367905,99.86807387862797,125
collaborative,270,code,global,89.85944347896502,16.563448968150936,33.522504892367905,99.86807387862797,127
collaborative,270,code,small,81.1897299903568,18.074975891996143,63.114754098360656,99.26470588235294,2
collaborative,270,code,large,89.99815889478276,16.50115954270943,33.522504892367905,99.86807387862797,125
collaborative,272,code,global,89.85944347896505,16.563448968150933,33.522504892367905,99.86807387862797,127
collaborative,272,code,small,81.1897299903568,18.074975891996143,63.114754098360656,99.26470588235294,2
collaborative,272,code,large,89.99815889478279,16.501159542709434,33.522504892367905,99.86807387862797,125
collaborative,274,code,global,89.8685780679999,16.55566563214054,33.522504892367905,99.86807387862797,127
collaborative,274,code,small,81.1897299903568,18.074975891996143,63.114754098360656,99.26470588235294,2
collaborative,274,code,large,90.00743963724219,16.49314368157211,33.522504892367905,99.86807387862797,125
collaborative,276,code,global,89.86857806799983,16.555665632140535,33.522504892367905,99.86807387862797,127
collaborative,276,code,small,81.1897299903568,18.074975891996143,63.114754098360656,99.26470588235294,2
collaborative,276,code,large,90.00743963724211,16.493143681572107,33.522504892367905,99.86807387862797,125
collaborative,278,code,global,89.86857806799988,16.55566563214054,33.522504892367905,99.86807387862797,127
collaborative,278,code,small,81.1897299903568,18.074975891996143,63.114754098360656,99.26470588235294,2
collaborative,278,code,large,90.00743963724216,16.493143681572107,33.522504892367905,99.86807387862797,125
collaborative,280,code,global,89.86857806799986,16.55566563214054,33.522504892367905,99.86807387862797,127
collaborative,280,code,small,81.1897299903568,18.074975891996143,63.114754098360656,99.26470588235294,2
collaborative,280,code,large,90.00743963724214,16.493143681572104,33.522504892367905,99.86807387862797,125
collaborative,282,code,global,89.86857806799988,16.555665632140542,33.522504892367905,99.86807387862797,127
collaborative,282,code,small,81.1897299903568,18.074975891996143,63.114754098360656,99.26470588235294,2
collaborative,282,code,large,90.00743963724216,16.493143681572107,33.522504892367905,99.86807387862797,125
collaborative,284,code,global,89.8685780679999,16.555665632140542,33.522504892367905,99.86807387862797,127
collaborative,284,code,small,81.1897299903568,18.074975891996143,63.114754098360656,99.26470588235294,2
collaborative,284,code,large,90.00743963724219,16.493143681572107,33.522504892367905,99.86807387862797,125
collaborative,286,code,global,89.86857806799989,16.55566563214054,33.522504892367905,99.86807387862797,127
collaborative,286,code,small,81.1897299903568,18.074975891996143,63.114754098360656,99.26470588235294,2
collaborative,286,code,large,90.00743963724217,16.493143681572104,33.522504892367905,99.86807387862797,125
collaborative,288,code,global,89.8904070225489,16.566917144526546,33.522504892367905,99.86807387862797,127
collaborative,288,code,small,81.1897299903568,18.074975891996143,63.114754098360656,99.26470588235294,2
collaborative,288,code,large,90.02961785506398,16.50443162812521,33.522504892367905,99.86807387862797,125
collaborative,290,code,global,89.89040702254886,16.566917144526546,33.522504892367905,99.86807387862797,127
collaborative,290,code,small,81.1897299903568,18.074975891996143,63.114754098360656,99.26470588235294,2
collaborative,290,code,large,90.02961785506393,16.504431628125207,33.522504892367905,99.86807387862797,125
collaborative,292,code,global,89.89040702254883,16.56691714452655,33.522504892367905,99.86807387862797,127
collaborative,292,code,small,81.1897299903568,18.074975891996143,63.114754098360656,99.26470588235294,2
collaborative,292,code,large,90.0296178550639,16.50443162812521,33.522504892367905,99.86807387862797,125
collaborative,294,code,global,89.89040702254884,16.566917144526546,33.522504892367905,99.86807387862797,127
collaborative,294,code,small,81.1897299903568,18.074975891996143,63.114754098360656,99.26470588235294,2
collaborative,294,code,large,90.0296178550639,16.504431628125207,33.522504892367905,99.86807387862797,125
collaborative,296,code,global,89.89040702254891,16.566917144526546,33.522504892367905,99.86807387862797,127
collaborative,296,code,small,81.1897299903568,18.074975891996143,63.114754098360656,99.26470588235294,2
collaborative,296,code,large,90.02961785506399,16.504431628125207,33.522504892367905,99.86807387862797,125
collaborative,298,code,global,89.8904070225489,16.566917144526546,33.522504892367905,99.86807387862797,127
collaborative,298,code,small,81.1897299903568,18.074975891996143,63.114754098360656,99.26470588235294,2
collaborative,298,code,large,90.02961785506396,16.50443162812521,33.522504892367905,99.86807387862797,125
collaborative,300,code,global,89.90088575073068,16.571924622374652,33.522504892367905,99.86807387862797,127
collaborative,300,code,small,81.1897299903568,18.074975891996143,63.114754098360656,99.26470588235294,2
collaborative,300,code,large,90.04026424289667,16.509448642694874,33.522504892367905,99.86807387862797,125
collaborative,302,code,global,89.90088575073062,16.57192462237465,33.522504892367905,99.86807387862797,127
collaborative,302,code,small,81.1897299903568,18.074975891996143,63.114754098360656,99.26470588235294,2
collaborative,302,code,large,90.04026424289661,16.50944864269487,33.522504892367905,99.86807387862797,125
collaborative,304,code,global,89.92347514017175,16.583157707152605,33.522504892367905,99.86807387862797,127
collaborative,304,code,small,81.1897299903568,18.074975891996143,63.114754098360656,99.26470588235294,2
collaborative,304,code,large,90.06321506256879,16.520710677256524,33.522504892367905,99.86807387862797,125
collaborative,306,code,global,89.9549113247171,16.595557756277685,33.522504892367905,99.86807387862797,127
collaborative,306,code,small,81.1897299903568,18.074975891996143,63.114754098360656,99.26470588235294,2
collaborative,306,code,large,90.09515422606685,16.53308619856902,33.522504892367905,99.86807387862797,125
collaborative,308,code,global,89.95491132471713,16.59555775627769,33.522504892367905,99.86807387862797,127
collaborative,308,code,small,81.1897299903568,18.074975891996143,63.114754098360656,99.26470588235294,2
collaborative,308,code,large,90.0951542260669,16.53308619856902,33.522504892367905,99.86807387862797,125
collaborative,310,code,global,89.9549113247171,16.59555775627768,33.522504892367905,99.86807387862797,127
collaborative,310,code,small,81.1897299903568,18.074975891996143,63.114754098360656,99.26470588235294,2
collaborative,310,code,large,90.09515422606687,16.53308619856902,33.522504892367905,99.86807387862797,125
collaborative,312,code,global,89.95491132471707,16.595557756277685,33.522504892367905,99.86807387862797,127
collaborative,312,code,small,81.1897299903568,18.074975891996143,63.114754098360656,99.26470588235294,2
collaborative,312,code,large,90.09515422606684,16.53308619856902,33.522504892367905,99.86807387862797,125
collaborative,314,code,global,89.95491132471709,16.59555775627769,33.522504892367905,99.86807387862797,127
collaborative,314,code,small,81.1897299903568,18.074975891996143,63.114754098360656,99.26470588235294,2
collaborative,314,code,large,90.09515422606685,16.53308619856902,33.522504892367905,99.86807387862797,125
collaborative,316,code,global,89.95491132471709,16.59555775627769,33.522504892367905,99.86807387862797,127
collaborative,316,code,small,81.1897299903568,18.074975891996143,63.114754098360656,99.26470588235294,2
collaborative,316,code,large,90.09515422606687,16.533086198569016,33.522504892367905,99.86807387862797,125
collaborative,318,code,global,89.9549113247171,16.595557756277685,33.522504892367905,99.86807387862797,127
collaborative,318,code,small,81.1897299903568,18.074975891996143,63.114754098360656,99.26470588235294,2
collaborative,318,code,large,90.09515422606687,16.533086198569016,33.522504892367905,99.86807387862797,125
collaborative,320,code,global,89.99031910431209,16.611690067321543,33.522504892367905,99.86807387862797,127
collaborative,320,code,small,81.1897299903568,18.074975891996143,63.114754098360656,99.26470588235294,2
collaborative,320,code,large,90.13112853013538,16.54923290042925,33.522504892367905,99.86807387862797,125
collaborative,322,code,global,90.00075814034169,16.617440445113424,33.522504892367905,99.86807387862797,127
collaborative,322,code,small,81.1897299903568,18.074975891996143,63.114754098360656,99.26470588235294,2
collaborative,322,code,large,90.14173459074144,16.55500704589332,33.522504892367905,99.86807387862797,125
collaborative,324,code,global,90.00075814034167,16.617440445113427,33.522504892367905,99.86807387862797,127
collaborative,324,code,small,81.1897299903568,18.074975891996143,63.114754098360656,99.26470588235294,2
collaborative,324,code,large,90.14173459074142,16.555007045893316,33.522504892367905,99.86807387862797,125
collaborative,326,code,global,90.00075814034167,16.617440445113427,33.522504892367905,99.86807387862797,127
collaborative,326,code,small,81.1897299903568,18.074975891996143,63.114754098360656,99.26470588235294,2
collaborative,326,code,large,90.14173459074142,16.555007045893316,33.522504892367905,99.86807387862797,125
collaborative,328,code,global,90.00088501404508,16.61751521501227,33.522504892367905,99.86807387862797,127
collaborative,328,code,small,81.1897299903568,18.074975891996143,63.114754098360656,99.26470588235294,2
collaborative,328,code,large,90.14186349442407,16.555082200895576,33.522504892367905,99.86807387862797,125
collaborative,330,code,global,90.00718710760056,16.610650663907993,33.522504892367905,99.86807387862797,127
collaborative,330,code,small,81.1897299903568,18.074975891996143,63.114754098360656,99.26470588235294,2
collaborative,330,code,large,90.14826642147646,16.54802691250733,33.522504892367905,99.86807387862797,125
collaborative,332,code,global,90.00718710760059,16.610650663908,33.522504892367905,99.86807387862797,127
collaborative,332,code,small,81.1897299903568,18.074975891996143,63.114754098360656,99.26470588235294,2
collaborative,332,code,large,90.14826642147649,16.54802691250733,33.522504892367905,99.86807387862797,125
collaborative,334,code,global,90.00718710760059,16.610650663907997,33.522504892367905,99.86807387862797,127
collaborative,334,code,small,81.1897299903568,18.074975891996143,63.114754098360656,99.26470588235294,2
collaborative,334,code,large,90.14826642147649,16.54802691250733,33.522504892367905,99.86807387862797,125
collaborative,336,code,global,90.0071871076006,16.610650663907993,33.522504892367905,99.86807387862797,127
collaborative,336,code,small,81.1897299903568,18.074975891996143,63.114754098360656,99.26470588235294,2
collaborative,336,code,large,90.14826642147649,16.54802691250733,33.522504892367905,99.86807387862797,125
collaborative,338,code,global,90.02814456396419,16.62132290845101,33.522504892367905,99.86807387862797,127
collaborative,338,code,small,81.1897299903568,18.074975891996143,63.114754098360656,99.26470588235294,2
collaborative,338,code,large,90.16955919714191,16.5587292363096,33.522504892367905,99.86807387862797,125
collaborative,340,code,global,90.02814456396415,16.62132290845101,33.522504892367905,99.86807387862797,127
collaborative,340,code,small,81.1897299903568,18.074975891996143,63.114754098360656,99.26470588235294,2
collaborative,340,code,large,90.16955919714187,16.558729236309603,33.522504892367905,99.86807387862797,125
collaborative,342,code,global,90.02814456396413,16.62132290845101,33.522504892367905,99.86807387862797,127
collaborative,342,code,small,81.1897299903568,18.074975891996143,63.114754098360656,99.26470588235294,2
collaborative,342,code,large,90.16955919714185,16.5587292363096,33.522504892367905,99.86807387862797,125
collaborative,344,code,global,90.02814456396416,16.621322908451013,33.522504892367905,99.86807387862797,127
collaborative,344,code,small,81.1897299903568,18.074975891996143,63.114754098360656,99.26470588235294,2
collaborative,344,code,large,90.16955919714188,16.558729236309603,33.522504892367905,99.86807387862797,125
collaborative,346,code,global,90.04264345981747,16.609129628693154,33.522504892367905,99.86807387862797,127
collaborative,346,code,small,81.1897299903568,18.074975891996143,63.114754098360656,99.26470588235294,2
collaborative,346,code,large,90.18429007532885,16.546167923876116,33.522504892367905,99.86807387862797,125
collaborative,348,code,global,90.04264345981746,16.609129628693154,33.522504892367905,99.86807387862797,127
collaborative,348,code,small,81.1897299903568,18.074975891996143,63.114754098360656,99.26470588235294,2
collaborative,348,code,large,90.18429007532882,16.54616792387611,33.522504892367905,99.86807387862797,125
collaborative,350,code,global,90.04264345981751,16.609129628693154,33.522504892367905,99.86807387862797,127
collaborative,350,code,small,81.1897299903568,18.074975891996143,63.114754098360656,99.26470588235294,2
collaborative,350,code,large,90.18429007532889,16.546167923876112,33.522504892367905,99.86807387862797,125
collaborative,352,code,global,90.04264345981744,16.609129628693157,33.522504892367905,99.86807387862797,127
collaborative,352,code,small,81.1897299903568,18.074975891996143,63.114754098360656,99.26470588235294,2
collaborative,352,code,large,90.18429007532882,16.54616792387611,33.522504892367905,99.86807387862797,125
collaborative,354,code,global,90.04264345981751,16.60912962869315,33.522504892367905,99.86807387862797,127
collaborative,354,code,small,81.1897299903568,18.074975891996143,63.114754098360656,99.26470588235294,2
collaborative,354,code,large,90.18429007532889,16.546167923876112,33.522504892367905,99.86807387862797,125
collaborative,356,code,global,90.04264345981751,16.609129628693154,33.522504892367905,99.86807387862797,127
collaborative,356,code,small,81.1897299903568,18.074975891996143,63.114754098360656,99.26470588235294,2
collaborative,356,code,large,90.18429007532889,16.54616792387611,33.522504892367905,99.86807387862797,125
collaborative,358,code,global,90.04264345981747,16.609129628693154,33.522504892367905,99.86807387862797,127
collaborative,358,code,small,81.1897299903568,18.074975891996143,63.114754098360656,99.26470588235294,2
collaborative,358,code,large,90.18429007532885,16.546167923876112,33.522504892367905,99.86807387862797,125
collaborative,360,code,global,90.04264345981747,16.609129628693154,33.522504892367905,99.86807387862797,127
collaborative,360,code,small,81.1897299903568,18.074975891996143,63.114754098360656,99.26470588235294,2
collaborative,360,code,large,90.18429007532885,16.54616792387611,33.522504892367905,99.86807387862797,125
collaborative,362,code,global,90.04264345981748,16.609129628693154,33.522504892367905,99.86807387862797,127
collaborative,362,code,small,81.1897299903568,18.074975891996143,63.114754098360656,99.26470588235294,2
collaborative,362,code,large,90.18429007532886,16.546167923876112,33.522504892367905,99.86807387862797,125
collaborative,364,code,global,90.04264345981751,16.609129628693154,33.522504892367905,99.86807387862797,127
collaborative,364,code,small,81.1897299903568,18.074975891996143,63.114754098360656,99.26470588235294,2
collaborative,364,code,large,90.18429007532889,16.54616792387611,33.522504892367905,99.86807387862797,125
collaborative,366,code,global,90.04264345981747,16.609129628693154,33.522504892367905,99.86807387862797,127
collaborative,366,code,small,81.1897299903568,18.074975891996143,63.114754098360656,99.26470588235294,2
collaborative,366,code,large,90.18429007532885,16.546167923876112,33.522504892367905,99.86807387862797,125
collaborative,368,code,global,90.04264345981746,16.609129628693154,33.522504892367905,99.86807387862797,127
collaborative,368,code,small,81.1897299903568,18.074975891996143,63.114754098360656,99.26470588235294,2
collaborative,368,code,large,90.18429007532882,16.54616792387611,33.522504892367905,99.86807387862797,125
collaborative,370,code,global,90.04264345981747,16.609129628693154,33.522504892367905,99.86807387862797,127
collaborative,370,code,small,81.1897299903568,18.074975891996143,63.114754098360656,99.26470588235294,2
collaborative,370,code,large,90.18429007532885,16.54616792387611,33.522504892367905,99.86807387862797,125
collaborative,372,code,global,90.04264345981744,16.609129628693154,33.522504892367905,99.86807387862797,127
collaborative,372,code,small,81.1897299903568,18.074975891996143,63.114754098360656,99.26470588235294,2
collaborative,372,code,large,90.18429007532882,16.54616792387611,33.522504892367905,99.86807387862797,125
collaborative,374,code,global,90.04264345981748,16.609129628693154,33.522504892367905,99.86807387862797,127
collaborative,374,code,small,81.1897299903568,18.074975891996143,63.114754098360656,99.26470588235294,2
collaborative,374,code,large,90.18429007532886,16.546167923876112,33.522504892367905,99.86807387862797,125
collaborative,376,code,global,90.04264345981751,16.60912962869315,33.522504892367905,99.86807387862797,127
collaborative,376,code,small,81.1897299903568,18.074975891996143,63.114754098360656,99.26470588235294,2
collaborative,376,code,large,90.18429007532889,16.546167923876112,33.522504892367905,99.86807387862797,125
collaborative,378,code,global,90.04264345981751,16.609129628693154,33.522504892367905,99.86807387862797,127
collaborative,378,code,small,81.1897299903568,18.074975891996143,63.114754098360656,99.26470588235294,2
collaborative,378,code,large,90.18429007532889,16.54616792387611,33.522504892367905,99.86807387862797,125
collaborative,380,code,global,90.05312218799924,16.612349570370615,33.522504892367905,99.86807387862797,127
collaborative,380,code,small,81.1897299903568,18.074975891996143,63.114754098360656,99.26470588235294,2
collaborative,380,code,large,90.19493646316151,16.549360649148852,33.522504892367905,99.86807387862797,125
collaborative,382,code,global,90.05312218799924,16.61234957037062,33.522504892367905,99.86807387862797,127
collaborative,382,code,small,81.1897299903568,18.074975891996143,63.114754098360656,99.26470588235294,2
collaborative,382,code,large,90.19493646316151,16.549360649148852,33.522504892367905,99.86807387862797,125
collaborative,384,code,global,90.05312218799924,16.61234957037062,33.522504892367905,99.86807387862797,127
collaborative,384,code,small,81.1897299903568,18.074975891996143,63.114754098360656,99.26470588235294,2
collaborative,384,code,large,90.19493646316151,16.549360649148852,33.522504892367905,99.86807387862797,125
collaborative,386,code,global,90.0531221879993,16.61234957037062,33.522504892367905,99.86807387862797,127
collaborative,386,code,small,81.1897299903568,18.074975891996143,63.114754098360656,99.26470588235294,2
collaborative,386,code,large,90.19493646316158,16.549360649148856,33.522504892367905,99.86807387862797,125
collaborative,388,code,global,90.05312218799929,16.612349570370615,33.522504892367905,99.86807387862797,127
collaborative,388,code,small,81.1897299903568,18.074975891996143,63.114754098360656,99.26470588235294,2
collaborative,388,code,large,90.19493646316158,16.54936064914886,33.522504892367905,99.86807387862797,125
collaborative,390,code,global,90.05312218799924,16.61234957037062,33.522504892367905,99.86807387862797,127
collaborative,390,code,small,81.1897299903568,18.074975891996143,63.114754098360656,99.26470588235294,2
collaborative,390,code,large,90.19493646316151,16.549360649148852,33.522504892367905,99.86807387862797,125
collaborative,392,code,global,90.06492478119763,16.617661942898934,33.522504892367905,99.86807387862797,127
collaborative,392,code,small,81.1897299903568,18.074975891996143,63.114754098360656,99.26470588235294,2
collaborative,392,code,large,90.2069278978511,16.554675750414503,33.522504892367905,99.86807387862797,125
collaborative,394,code,global,90.06492478119763,16.61766194289893,33.522504892367905,99.86807387862797,127
collaborative,394,code,small,81.1897299903568,18.074975891996143,63.114754098360656,99.26470588235294,2
collaborative,394,code,large,90.20692789785109,16.554675750414503,33.522504892367905,99.86807387862797,125
collaborative,396,code,global,90.07476730088266,16.62306667209443,33.522504892367905,99.86807387862797,127
collaborative,396,code,small,81.1897299903568,18.074975891996143,63.114754098360656,99.26470588235294,2
collaborative,396,code,large,90.21692789785106,16.560102029119072,33.522504892367905,99.86807387862797,125
collaborative,398,code,global,90.07476730088268,16.623066672094428,33.522504892367905,99.86807387862797,127
collaborative,398,code,small,81.1897299903568,18.074975891996143,63.114754098360656,99.26470588235294,2
collaborative,398,code,large,90.21692789785108,16.56010202911907,33.522504892367905,99.86807387862797,125
collaborative,400,code,global,90.07476730088268,16.623066672094424,33.522504892367905,99.86807387862797,127
collaborative,400,code,small,81.1897299903568,18.074975891996143,63.114754098360656,99.26470588235294,2
collaborative,400,code,large,90.21692789785108,16.560102029119072,33.522504892367905,99.86807387862797,125
collaborative,402,code,global,90.07476730088263,16.623066672094428,33.522504892367905,99.86807387862797,127
collaborative,402,code,small,81.1897299903568,18.074975891996143,63.114754098360656,99.26470588235294,2
collaborative,402,code,large,90.21692789785102,16.56010202911907,33.522504892367905,99.86807387862797,125
collaborative,404,code,global,90.07476730088263,16.623066672094424,33.522504892367905,99.86807387862797,127
collaborative,404,code,small,81.1897299903568,18.074975891996143,63.114754098360656,99.26470588235294,2
collaborative,404,code,large,90.21692789785104,16.56010202911907,33.522504892367905,99.86807387862797,125
collaborative,406,code,global,90.07476730088264,16.62306667209443,33.522504892367905,99.86807387862797,127
collaborative,406,code,small,81.1897299903568,18.074975891996143,63.114754098360656,99.26470588235294,2
collaborative,406,code,large,90.21692789785105,16.560102029119072,33.522504892367905,99.86807387862797,125
collaborative,408,code,global,90.07476730088264,16.623066672094428,33.522504892367905,99.86807387862797,127
collaborative,408,code,small,81.1897299903568,18.074975891996143,63.114754098360656,99.26470588235294,2
collaborative,408,code,large,90.21692789785105,16.560102029119072,33.522504892367905,99.86807387862797,125
collaborative,410,code,global,90.07476730088266,16.62306667209443,33.522504892367905,99.86807387862797,127
collaborative,410,code,small,81.1897299903568,18.074975891996143,63.114754098360656,99.26470588235294,2
collaborative,410,code,large,90.21692789785106,16.560102029119072,33.522504892367905,99.86807387862797,125
collaborative,412,code,global,90.07476730088264,16.62306667209443,33.522504892367905,99.86807387862797,127
collaborative,412,code,small,81.1897299903568,18.074975891996143,63.114754098360656,99.26470588235294,2
collaborative,412,code,large,90.21692789785105,16.560102029119072,33.522504892367905,99.86807387862797,125
collaborative,414,code,global,90.07476730088261,16.62306667209443,33.522504892367905,99.86807387862797,127
collaborative,414,code,small,81.1897299903568,18.074975891996143,63.114754098360656,99.26470588235294,2
collaborative,414,code,large,90.21692789785102,16.56010202911907,33.522504892367905,99.86807387862797,125
collaborative,416,code,global,90.07476730088266,16.62306667209443,33.522504892367905,99.86807387862797,127
collaborative,416,code,small,81.1897299903568,18.074975891996143,63.114754098360656,99.26470588235294,2
collaborative,416,code,large,90.21692789785106,16.560102029119072,33.522504892367905,99.86807387862797,125
collaborative,418,code,global,90.086569894081,16.629424143806876,33.522504892367905,99.86807387862797,127
collaborative,418,code,small,81.1897299903568,18.074975891996143,63.114754098360656,99.26470588235294,2
collaborative,418,code,large,90.2289193325406,16.566482780885377,33.522504892367905,99.86807387862797,125
collaborative,420,code,global,90.08656989408097,16.629424143806883,33.522504892367905,99.86807387862797,127
collaborative,420,code,small,81.1897299903568,18.074975891996143,63.114754098360656,99.26470588235294,2
collaborative,420,code,large,90.22891933254057,16.566482780885373,33.522504892367905,99.86807387862797,125
collaborative,422,code,global,90.086569894081,16.629424143806876,33.522504892367905,99.86807387862797,127
collaborative,422,code,small,81.1897299903568,18.074975891996143,63.114754098360656,99.26470588235294,2
collaborative,422,code,large,90.22891933254058,16.566482780885373,33.522504892367905,99.86807387862797,125
collaborative,424,code,global,90.08656989408098,16.629424143806876,33.522504892367905,99.86807387862797,127
collaborative,424,code,small,81.1897299903568,18.074975891996143,63.114754098360656,99.26470588235294,2
collaborative,424,code,large,90.22891933254058,16.566482780885373,33.522504892367905,99.86807387862797,125
collaborative,426,code,global,90.08656989408101,16.62942414380688,33.522504892367905,99.86807387862797,127
collaborative,426,code,small,81.1897299903568,18.074975891996143,63.114754098360656,99.26470588235294,2
collaborative,426,code,large,90.2289193325406,16.566482780885377,33.522504892367905,99.86807387862797,125
collaborative,428,code,global,90.08656989408097,16.629424143806887,33.522504892367905,99.86807387862797,127
collaborative,428,code,small,81.1897299903568,18.074975891996143,63.114754098360656,99.26470588235294,2
collaborative,428,code,large,90.22891933254056,16.566482780885377,33.522504892367905,99.86807387862797,125
collaborative,430,code,global,90.08656989408101,16.62942414380688,33.522504892367905,99.86807387862797,127
collaborative,430,code,small,81.1897299903568,18.074975891996143,63.114754098360656,99.26470588235294,2
collaborative,430,code,large,90.2289193325406,16.566482780885373,33.522504892367905,99.86807387862797,125
collaborative,432,code,global,90.08656989408098,16.629424143806876,33.522504892367905,99.86807387862797,127
collaborative,432,code,small,81.1897299903568,18.074975891996143,63.114754098360656,99.26470588235294,2
collaborative,432,code,large,90.22891933254057,16.56648278088538,33.522504892367905,99.86807387862797,125
collaborative,434,code,global,90.08656989408095,16.629424143806876,33.522504892367905,99.86807387862797,127
collaborative,434,code,small,81.1897299903568,18.074975891996143,63.114754098360656,99.26470588235294,2
collaborative,434,code,large,90.22891933254054,16.56648278088538,33.522504892367905,99.86807387862797,125
collaborative,436,code,global,90.08656989408097,16.629424143806883,33.522504892367905,99.86807387862797,127
collaborative,436,code,small,81.1897299903568,18.074975891996143,63.114754098360656,99.26470588235294,2
collaborative,436,code,large,90.22891933254056,16.566482780885377,33.522504892367905,99.86807387862797,125
collaborative,438,code,global,90.08656989408101,16.62942414380688,33.522504892367905,99.86807387862797,127
collaborative,438,code,small,81.1897299903568,18.074975891996143,63.114754098360656,99.26470588235294,2
collaborative,438,code,large,90.2289193325406,16.566482780885373,33.522504892367905,99.86807387862797,125
collaborative,440,code,global,90.08656989408098,16.629424143806876,33.522504892367905,99.86807387862797,127
collaborative,440,code,small,81.1897299903568,18.074975891996143,63.114754098360656,99.26470588235294,2
collaborative,440,code,large,90.22891933254057,16.566482780885377,33.522504892367905,99.86807387862797,125
collaborative,442,code,global,90.08656989408097,16.629424143806883,33.522504892367905,99.86807387862797,127
collaborative,442,code,small,81.1897299903568,18.074975891996143,63.114754098360656,99.26470588235294,2
collaborative,442,code,large,90.22891933254056,16.566482780885373,33.522504892367905,99.86807387862797,125
collaborative,444,code,global,90.08656989408098,16.629424143806876,33.522504892367905,99.86807387862797,127
collaborative,444,code,small,81.1897299903568,18.074975891996143,63.114754098360656,99.26470588235294,2
collaborative,444,code,large,90.22891933254057,16.566482780885373,33.522504892367905,99.86807387862797,125
collaborative,446,code,global,90.08656989408095,16.629424143806876,33.522504892367905,99.86807387862797,127
collaborative,446,code,small,81.1897299903568,18.074975891996143,63.114754098360656,99.26470588235294,2
collaborative,446,code,large,90.22891933254054,16.566482780885377,33.522504892367905,99.86807387862797,125
collaborative,448,code,global,90.08656989408098,16.629424143806876,33.522504892367905,99.86807387862797,127
collaborative,448,code,small,81.1897299903568,18.074975891996143,63.114754098360656,99.26470588235294,2
collaborative,448,code,large,90.22891933254057,16.566482780885373,33.522504892367905,99.86807387862797,125
collaborative,450,code,global,90.09837248727928,16.635770812377327,33.522504892367905,99.86807387862797,127
collaborative,450,code,small,81.1897299903568,18.074975891996143,63.114754098360656,99.26470588235294,2
collaborative,450,code,large,90.24091076723005,16.572852399478425,33.522504892367905,99.86807387862797,125
collaborative,452,code,global,90.0983724872793,16.635770812377324,33.522504892367905,99.86807387862797,127
collaborative,452,code,small,81.1897299903568,18.074975891996143,63.114754098360656,99.26470588235294,2
collaborative,452,code,large,90.24091076723006,16.57285239947843,33.522504892367905,99.86807387862797,125
collaborative,454,code,global,90.09837248727929,16.635770812377324,33.522504892367905,99.86807387862797,127
collaborative,454,code,small,81.1897299903568,18.074975891996143,63.114754098360656,99.26470588235294,2
collaborative,454,code,large,90.24091076723008,16.57285239947843,33.522504892367905,99.86807387862797,125
collaborative,456,code,global,90.11017508047769,16.642106690165498,33.522504892367905,99.86807387862797,127
collaborative,456,code,small,81.1897299903568,18.074975891996143,63.114754098360656,99.26470588235294,2
collaborative,456,code,large,90.25290220191961,16.57921089773009,33.522504892367905,99.86807387862797,125
collaborative,458,code,global,90.11017508047762,16.642106690165498,33.522504892367905,99.86807387862797,127
collaborative,458,code,small,81.1897299903568,18.074975891996143,63.114754098360656,99.26470588235294,2
collaborative,458,code,large,90.25290220191957,16.579210897730086,33.522504892367905,99.86807387862797,125
collaborative,460,code,global,90.11017508047763,16.642106690165498,33.522504892367905,99.86807387862797,127
collaborative,460,code,small,81.1897299903568,18.074975891996143,63.114754098360656,99.26470588235294,2
collaborative,460,code,large,90.25290220191957,16.57921089773009,33.522504892367905,99.86807387862797,125
collaborative,462,code,global,90.11017508047765,16.6421066901655,33.522504892367905,99.86807387862797,127
collaborative,462,code,small,81.1897299903568,18.074975891996143,63.114754098360656,99.26470588235294,2
collaborative,462,code,large,90.25290220191957,16.579210897730086,33.522504892367905,99.86807387862797,125
collaborative,464,code,global,90.1101750804776,16.642106690165498,33.522504892367905,99.86807387862797,127
collaborative,464,code,small,81.1897299903568,18.074975891996143,63.114754098360656,99.26470588235294,2
collaborative,464,code,large,90.25290220191954,16.579210897730086,33.522504892367905,99.86807387862797,125
collaborative,466,code,global,90.11017508047765,16.642106690165498,33.522504892367905,99.86807387862797,127
collaborative,466,code,small,81.1897299903568,18.074975891996143,63.114754098360656,99.26470588235294,2
collaborative,466,code,large,90.25290220191958,16.57921089773009,33.522504892367905,99.86807387862797,125
collaborative,468,code,global,90.11017508047763,16.642106690165498,33.522504892367905,99.86807387862797,127
collaborative,468,code,small,81.1897299903568,18.074975891996143,63.114754098360656,99.26470588235294,2
collaborative,468,code,large,90.25290220191957,16.57921089773009,33.522504892367905,99.86807387862797,125
collaborative,470,code,global,90.11017508047762,16.642106690165495,33.522504892367905,99.86807387862797,127
collaborative,470,code,small,81.1897299903568,18.074975891996143,63.114754098360656,99.26470588235294,2
collaborative,470,code,large,90.25290220191955,16.57921089773009,33.522504892367905,99.86807387862797,125
collaborative,472,code,global,90.11017508047765,16.642106690165498,33.522504892367905,99.86807387862797,127
collaborative,472,code,small,81.1897299903568,18.074975891996143,63.114754098360656,99.26470588235294,2
collaborative,472,code,large,90.25290220191955,16.57921089773009,33.522504892367905,99.86807387862797,125
collaborative,474,code,global,90.15570390304582,16.65838549503325,33.522504892367905,99.86807387862797,127
collaborative,474,code,small,81.1897299903568,18.074975891996143,63.114754098360656,99.26470588235294,2
collaborative,474,code,large,90.29915948564886,16.595413873916623,33.522504892367905,99.86807387862797,125
collaborative,476,code,global,90.15570390304586,16.65838549503325,33.522504892367905,99.86807387862797,127
collaborative,476,code,small,81.1897299903568,18.074975891996143,63.114754098360656,99.26470588235294,2
collaborative,476,code,large,90.29915948564889,16.59541387391662,33.522504892367905,99.86807387862797,125
collaborative,478,code,global,90.15570390304582,16.65838549503325,33.522504892367905,99.86807387862797,127
collaborative,478,code,small,81.1897299903568,18.074975891996143,63.114754098360656,99.26470588235294,2
collaborative,478,code,large,90.29915948564886,16.595413873916616,33.522504892367905,99.86807387862797,125
collaborative,480,code,global,90.15570390304582,16.658385495033254,33.522504892367905,99.86807387862797,127
collaborative,480,code,small,81.1897299903568,18.074975891996143,63.114754098360656,99.26470588235294,2
collaborative,480,code,large,90.29915948564886,16.595413873916616,33.522504892367905,99.86807387862797,125
collaborative,482,code,global,90.15570390304586,16.65838549503325,33.522504892367905,99.86807387862797,127
collaborative,482,code,small,81.1897299903568,18.074975891996143,63.114754098360656,99.26470588235294,2
collaborative,482,code,large,90.29915948564887,16.59541387391662,33.522504892367905,99.86807387862797,125
collaborative,484,code,global,90.15570390304579,16.658385495033247,33.522504892367905,99.86807387862797,127
collaborative,484,code,small,81.1897299903568,18.074975891996143,63.114754098360656,99.26470588235294,2
collaborative,484,code,large,90.29915948564883,16.59541387391662,33.522504892367905,99.86807387862797,125
collaborative,486,code,global,90.17666135940944,16.66716717619157,33.522504892367905,99.86807387862797,127
collaborative,486,code,small,81.1897299903568,18.074975891996143,63.114754098360656,99.26470588235294,2
collaborative,486,code,large,90.32045226131426,16.604185683726257,33.522504892367905,99.86807387862797,125
collaborative,488,code,global,90.17666135940942,16.667167176191565,33.522504892367905,99.86807387862797,127
collaborative,488,code,small,81.1897299903568,18.074975891996143,63.114754098360656,99.26470588235294,2
collaborative,488,code,large,90.32045226131426,16.604185683726254,33.522504892367905,99.86807387862797,125
collaborative,490,code,global,90.17666135940945,16.667167176191562,33.522504892367905,99.86807387862797,127
collaborative,490,code,small,81.1897299903568,18.074975891996143,63.114754098360656,99.26470588235294,2
collaborative,490,code,large,90.32045226131427,16.604185683726257,33.522504892367905,99.86807387862797,125
collaborative,492,code,global,90.1766613594094,16.66716717619157,33.522504892367905,99.86807387862797,127
collaborative,492,code,small,81.1897299903568,18.074975891996143,63.114754098360656,99.26470588235294,2
collaborative,492,code,large,90.32045226131424,16.604185683726254,33.522504892367905,99.86807387862797,125
collaborative,494,code,global,90.17666135940942,16.66716717619157,33.522504892367905,99.86807387862797,127
collaborative,494,code,small,81.1897299903568,18.074975891996143,63.114754098360656,99.26470588235294,2
collaborative,494,code,large,90.32045226131427,16.604185683726257,33.522504892367905,99.86807387862797,125
collaborative,496,code,global,90.1766613594094,16.667167176191562,33.522504892367905,99.86807387862797,127
collaborative,496,code,small,81.1897299903568,18.074975891996143,63.114754098360656,99.26470588235294,2
collaborative,496,code,large,90.32045226131422,16.604185683726254,33.522504892367905,99.86807387862797,125
collaborative,498,code,global,90.17666135940941,16.667167176191565,33.522504892367905,99.86807387862797,127
collaborative,498,code,small,81.1897299903568,18.074975891996143,63.114754098360656,99.26470588235294,2
collaborative,498,code,large,90.32045226131424,16.604185683726254,33.522504892367905,99.86807387862797,125
collaborative,500,code,global,90.1766613594094,16.66716717619157,33.522504892367905,99.86807387862797,127
collaborative,500,code,small,81.1897299903568,18.074975891996143,63.114754098360656,99.26470588235294,2
collaborative,500,code,large,90.32045226131423,16.604185683726257,33.522504892367905,99.86807387862797,125
collaborative,502,code,global,90.17666135940942,16.66716717619157,33.522504892367905,99.86807387862797,127
collaborative,502,code,small,81.1897299903568,18.074975891996143,63.114754098360656,99.26470588235294,2
collaborative,502,code,large,90.32045226131427,16.604185683726257,33.522504892367905,99.86807387862797,125
collaborative,504,code,global,90.18944978405817,16.67389707957638,33.522504892367905,99.86807387862797,127
collaborative,504,code,small,81.1897299903568,18.074975891996143,63.114754098360656,99.26470588235294,2
collaborative,504,code,large,90.33344530075739,16.61093661582088,33.522504892367905,99.86807387862797,125
collaborative,506,code,global,90.1894497840582,16.673897079576378,33.522504892367905,99.86807387862797,127
collaborative,506,code,small,81.1897299903568,18.074975891996143,63.114754098360656,99.26470588235294,2
collaborative,506,code,large,90.33344530075742,16.610936615820883,33.522504892367905,99.86807387862797,125
collaborative,508,code,global,90.18944978405817,16.67389707957638,33.522504892367905,99.86807387862797,127
collaborative,508,code,small,81.1897299903568,18.074975891996143,63.114754098360656,99.26470588235294,2
collaborative,508,code,large,90.33344530075739,16.61093661582088,33.522504892367905,99.86807387862797,125
collaborative,510,code,global,90.18944978405817,16.673897079576385,33.522504892367905,99.86807387862797,127
collaborative,510,code,small,81.1897299903568,18.074975891996143,63.114754098360656,99.26470588235294,2
collaborative,510,code,large,90.33344530075738,16.61093661582089,33.522504892367905,99.86807387862797,125
collaborative,512,code,global,90.18944978405821,16.673897079576378,33.522504892367905,99.86807387862797,127
collaborative,512,code,small,81.1897299903568,18.074975891996143,63.114754098360656,99.26470588235294,2
collaborative,512,code,large,90.33344530075742,16.610936615820886,33.522504892367905,99.86807387862797,125
collaborative,514,code,global,90.19088055615046,16.671274578306306,33.522504892367905,99.86807387862797,127
collaborative,514,code,small,81.1897299903568,18.074975891996143,63.114754098360656,99.26470588235294,2
collaborative,514,code,large,90.33489896520317,16.608249445986516,33.522504892367905,99.86807387862797,125
collaborative,516,code,global,90.19088055615047,16.671274578306306,33.522504892367905,99.86807387862797,127
collaborative,516,code,small,81.1897299903568,18.074975891996143,63.114754098360656,99.26470588235294,2
collaborative,516,code,large,90.33489896520318,16.60824944598652,33.522504892367905,99.86807387862797,125
collaborative,518,code,global,90.19088055615049,16.671274578306306,33.522504892367905,99.86807387862797,127
collaborative,518,code,small,81.1897299903568,18.074975891996143,63.114754098360656,99.26470588235294,2
collaborative,518,code,large,90.3348989652032,16.60824944598652,33.522504892367905,99.86807387862797,125
collaborative,520,code,global,90.19088055615052,16.67127457830631,33.522504892367905,99.86807387862797,127
collaborative,520,code,small,81.1897299903568,18.074975891996143,63.114754098360656,99.26470588235294,2
collaborative,520,code,large,90.33489896520322,16.60824944598651,33.522504892367905,99.86807387862797,125
collaborative,522,code,global,90.19088055615049,16.67127457830631,33.522504892367905,99.86807387862797,127
collaborative,522,code,small,81.1897299903568,18.074975891996143,63.114754098360656,99.26470588235294,2
collaborative,522,code,large,90.3348989652032,16.608249445986516,33.522504892367905,99.86807387862797,125
collaborative,524,code,global,90.19088055615049,16.67127457830631,33.522504892367905,99.86807387862797,127
collaborative,524,code,small,81.1897299903568,18.074975891996143,63.114754098360656,99.26470588235294,2
collaborative,524,code,large,90.3348989652032,16.608249445986512,33.522504892367905,99.86807387862797,125
collaborative,526,code,global,90.19088055615049,16.67127457830631,33.522504892367905,99.86807387862797,127
collaborative,526,code,small,81.1897299903568,18.074975891996143,63.114754098360656,99.26470588235294,2
collaborative,526,code,large,90.3348989652032,16.608249445986516,33.522504892367905,99.86807387862797,125
collaborative,528,code,global,90.1908805561505,16.671274578306303,33.522504892367905,99.86807387862797,127
collaborative,528,code,small,81.1897299903568,18.074975891996143,63.114754098360656,99.26470588235294,2
collaborative,528,code,large,90.33489896520321,16.60824944598652,33.522504892367905,99.86807387862797,125
collaborative,530,code,global,90.19088055615049,16.671274578306306,33.522504892367905,99.86807387862797,127
collaborative,530,code,small,81.1897299903568,18.074975891996143,63.114754098360656,99.26470588235294,2
collaborative,530,code,large,90.3348989652032,16.60824944598652,33.522504892367905,99.86807387862797,125
collaborative,532,code,global,90.19088055615047,16.67127457830631,33.522504892367905,99.86807387862797,127
collaborative,532,code,small,81.1897299903568,18.074975891996143,63.114754098360656,99.26470588235294,2
collaborative,532,code,large,90.3348989652032,16.60824944598652,33.522504892367905,99.86807387862797,125
collaborative,534,code,global,90.20135928433231,16.676061912825006,33.522504892367905,99.86807387862797,127
collaborative,534,code,small,81.1897299903568,18.074975891996143,63.114754098360656,99.26470588235294,2
collaborative,534,code,large,90.3455453530359,16.613039471940052,33.522504892367905,99.86807387862797,125
collaborative,536,code,global,90.20135928433226,16.67606191282501,33.522504892367905,99.86807387862797,127
collaborative,536,code,small,81.1897299903568,18.074975891996143,63.114754098360656,99.26470588235294,2
collaborative,536,code,large,90.34554535303586,16.61303947194005,33.522504892367905,99.86807387862797,125
collaborative,538,code,global,90.2013592843323,16.676061912825006,33.522504892367905,99.86807387862797,127
collaborative,538,code,small,81.1897299903568,18.074975891996143,63.114754098360656,99.26470588235294,2
collaborative,538,code,large,90.34554535303589,16.613039471940052,33.522504892367905,99.86807387862797,125
collaborative,540,code,global,90.20135928433228,16.676061912825006,33.522504892367905,99.86807387862797,127
collaborative,540,code,small,81.1897299903568,18.074975891996143,63.114754098360656,99.26470588235294,2
collaborative,540,code,large,90.34554535303589,16.613039471940052,33.522504892367905,99.86807387862797,125
collaborative,542,code,global,90.20135928433227,16.67606191282501,33.522504892367905,99.86807387862797,127
collaborative,542,code,small,81.1897299903568,18.074975891996143,63.114754098360656,99.26470588235294,2
collaborative,542,code,large,90.34554535303587,16.613039471940052,33.522504892367905,99.86807387862797,125
collaborative,544,code,global,90.2013592843323,16.676061912825006,33.522504892367905,99.86807387862797,127
collaborative,544,code,small,81.1897299903568,18.074975891996143,63.114754098360656,99.26470588235294,2
collaborative,544,code,large,90.3455453530359,16.61303947194005,33.522504892367905,99.86807387862797,125
collaborative,546,code,global,90.2013592843323,16.676061912825006,33.522504892367905,99.86807387862797,127
collaborative,546,code,small,81.1897299903568,18.074975891996143,63.114754098360656,99.26470588235294,2
collaborative,546,code,large,90.3455453530359,16.613039471940056,33.522504892367905,99.86807387862797,125
collaborative,548,code,global,90.20135928433227,16.67606191282501,33.522504892367905,99.86807387862797,127
collaborative,548,code,small,81.1897299903568,18.074975891996143,63.114754098360656,99.26470588235294,2
collaborative,548,code,large,90.34554535303587,16.613039471940052,33.522504892367905,99.86807387862797,125
collaborative,550,code,global,90.20135928433226,16.67606191282501,33.522504892367905,99.86807387862797,127
collaborative,550,code,small,81.1897299903568,18.074975891996143,63.114754098360656,99.26470588235294,2
collaborative,550,code,large,90.34554535303585,16.613039471940052,33.522504892367905,99.86807387862797,125
collaborative,552,code,global,90.2013592843323,16.676061912825006,33.522504892367905,99.86807387862797,127
collaborative,552,code,small,81.1897299903568,18.074975891996143,63.114754098360656,99.26470588235294,2
collaborative,552,code,large,90.3455453530359,16.613039471940052,33.522504892367905,99.86807387862797,125
collaborative,554,code,global,90.2013592843323,16.676061912825006,33.522504892367905,99.86807387862797,127
collaborative,554,code,small,81.1897299903568,18.074975891996143,63.114754098360656,99.26470588235294,2
collaborative,554,code,large,90.3455453530359,16.613039471940052,33.522504892367905,99.86807387862797,125
collaborative,556,code,global,90.20135928433228,16.676061912825006,33.522504892367905,99.86807387862797,127
collaborative,556,code,small,81.1897299903568,18.074975891996143,63.114754098360656,99.26470588235294,2
collaborative,556,code,large,90.34554535303589,16.613039471940056,33.522504892367905,99.86807387862797,125
collaborative,558,code,global,90.20135928433228,16.676061912825006,33.522504892367905,99.86807387862797,127
collaborative,558,code,small,81.1897299903568,18.074975891996143,63.114754098360656,99.26470588235294,2
collaborative,558,code,large,90.34554535303589,16.61303947194005,33.522504892367905,99.86807387862797,125
collaborative,560,code,global,90.2013592843323,16.676061912825006,33.522504892367905,99.86807387862797,127
collaborative,560,code,small,81.1897299903568,18.074975891996143,63.114754098360656,99.26470588235294,2
collaborative,560,code,large,90.3455453530359,16.613039471940052,33.522504892367905,99.86807387862797,125
collaborative,562,code,global,90.20135928433227,16.67606191282501,33.522504892367905,99.86807387862797,127
collaborative,562,code,small,81.1897299903568,18.074975891996143,63.114754098360656,99.26470588235294,2
collaborative,562,code,large,90.34554535303586,16.61303947194005,33.522504892367905,99.86807387862797,125
collaborative,564,code,global,90.20135928433231,16.676061912825006,33.522504892367905,99.86807387862797,127
collaborative,564,code,small,81.1897299903568,18.074975891996143,63.114754098360656,99.26470588235294,2
collaborative,564,code,large,90.3455453530359,16.613039471940052,33.522504892367905,99.86807387862797,125
collaborative,566,code,global,90.20135928433227,16.67606191282501,33.522504892367905,99.86807387862797,127
collaborative,566,code,small,81.1897299903568,18.074975891996143,63.114754098360656,99.26470588235294,2
collaborative,566,code,large,90.34554535303587,16.613039471940052,33.522504892367905,99.86807387862797,125
collaborative,568,code,global,90.20135928433228,16.676061912825006,33.522504892367905,99.86807387862797,127
collaborative,568,code,small,81.1897299903568,18.074975891996143,63.114754098360656,99.26470588235294,2
collaborative,568,code,large,90.34554535303589,16.613039471940052,33.522504892367905,99.86807387862797,125
collaborative,570,code,global,90.21414770898105,16.682769295487404,33.522504892367905,99.86807387862797,127
collaborative,570,code,small,81.1897299903568,18.074975891996143,63.114754098360656,99.26470588235294,2
collaborative,570,code,large,90.35853839247903,16.619767190316967,33.522504892367905,99.86807387862797,125
collaborative,572,code,global,90.21414770898107,16.682769295487407,33.522504892367905,99.86807387862797,127
collaborative,572,code,small,81.1897299903568,18.074975891996143,63.114754098360656,99.26470588235294,2
collaborative,572,code,large,90.35853839247906,16.619767190316967,33.522504892367905,99.86807387862797,125
collaborative,574,code,global,90.21414770898106,16.682769295487404,33.522504892367905,99.86807387862797,127
collaborative,574,code,small,81.1897299903568,18.074975891996143,63.114754098360656,99.26470588235294,2
collaborative,574,code,large,90.35853839247903,16.619767190316963,33.522504892367905,99.86807387862797,125
collaborative,576,code,global,90.21414770898106,16.682769295487404,33.522504892367905,99.86807387862797,127
collaborative,576,code,small,81.1897299903568,18.074975891996143,63.114754098360656,99.26470588235294,2
collaborative,576,code,large,90.35853839247905,16.619767190316967,33.522504892367905,99.86807387862797,125
collaborative,578,code,global,90.21414770898102,16.682769295487404,33.522504892367905,99.86807387862797,127
collaborative,578,code,small,81.1897299903568,18.074975891996143,63.114754098360656,99.26470588235294,2
collaborative,578,code,large,90.35853839247902,16.61976719031696,33.522504892367905,99.86807387862797,125
collaborative,580,code,global,90.2141477089811,16.682769295487404,33.522504892367905,99.86807387862797,127
collaborative,580,code,small,81.1897299903568,18.074975891996143,63.114754098360656,99.26470588235294,2
collaborative,580,code,large,90.35853839247908,16.619767190316967,33.522504892367905,99.86807387862797,125
collaborative,582,code,global,90.21414770898105,16.682769295487404,33.522504892367905,99.86807387862797,127
collaborative,582,code,small,81.1897299903568,18.074975891996143,63.114754098360656,99.26470588235294,2
collaborative,582,code,large,90.35853839247903,16.619767190316967,33.522504892367905,99.86807387862797,125
collaborative,584,code,global,90.21414770898106,16.682769295487407,33.522504892367905,99.86807387862797,127
collaborative,584,code,small,81.1897299903568,18.074975891996143,63.114754098360656,99.26470588235294,2
collaborative,584,code,large,90.35853839247905,16.619767190316967,33.522504892367905,99.86807387862797,125
collaborative,586,code,global,90.21414770898109,16.682769295487404,33.522504892367905,99.86807387862797,127
collaborative,586,code,small,81.1897299903568,18.074975891996143,63.114754098360656,99.26470588235294,2
collaborative,586,code,large,90.35853839247908,16.619767190316967,33.522504892367905,99.86807387862797,125
collaborative,588,code,global,90.21414770898107,16.682769295487407,33.522504892367905,99.86807387862797,127
collaborative,588,code,small,81.1897299903568,18.074975891996143,63.114754098360656,99.26470588235294,2
collaborative,588,code,large,90.35853839247906,16.619767190316963,33.522504892367905,99.86807387862797,125
collaborative,590,code,global,90.21414770898107,16.682769295487404,33.522504892367905,99.86807387862797,127
collaborative,590,code,small,81.1897299903568,18.074975891996143,63.114754098360656,99.26470588235294,2
collaborative,590,code,large,90.35853839247906,16.619767190316967,33.522504892367905,99.86807387862797,125
collaborative,592,code,global,90.22462643716285,16.68837435918376,33.522504892367905,99.86807387862797,127
collaborative,592,code,small,81.1897299903568,18.074975891996143,63.114754098360656,99.26470588235294,2
collaborative,592,code,large,90.36918478031176,16.62539098309908,33.522504892367905,99.86807387862797,125
collaborative,594,code,global,90.22462643716281,16.688374359183758,33.522504892367905,99.86807387862797,127
collaborative,594,code,small,81.1897299903568,18.074975891996143,63.114754098360656,99.26470588235294,2
collaborative,594,code,large,90.36918478031171,16.62539098309908,33.522504892367905,99.86807387862797,125
collaborative,596,code,global,90.22462643716287,16.688374359183765,33.522504892367905,99.86807387862797,127
collaborative,596,code,small,81.1897299903568,18.074975891996143,63.114754098360656,99.26470588235294,2
collaborative,596,code,large,90.36918478031177,16.625390983099077,33.522504892367905,99.86807387862797,125
collaborative,598,code,global,90.22462643716283,16.688374359183758,33.522504892367905,99.86807387862797,127
collaborative,598,code,small,81.1897299903568,18.074975891996143,63.114754098360656,99.26470588235294,2
collaborative,598,code,large,90.36918478031173,16.62539098309908,33.522504892367905,99.86807387862797,125
collaborative,600,code,global,90.22890911861086,16.682317140364372,33.522504892367905,99.86807387862797,127
collaborative,600,code,small,81.1897299903568,18.074975891996143,63.114754098360656,99.26470588235294,2
collaborative,600,code,large,90.37353598466292,16.619175651009762,33.522504892367905,99.86807387862797,125
collaborative,2,branch,global,82.00008190256025,18.323656685228297,0,100,124
collaborative,2,branch,large,82.00008190256025,18.323656685228297,0,100,124
collaborative,4,branch,global,83.41159053280106,17.98166710613681,0,100,125
collaborative,4,branch,large,83.41159053280106,17.98166710613681,0,100,125
collaborative,6,branch,global,85.06792578207708,17.194742640207238,0,100,125
collaborative,6,branch,large,85.06792578207708,17.194742640207238,0,100,125
collaborative,8,branch,global,85.4453918552868,17.115354478374016,0,100,125
collaborative,8,branch,large,85.4453918552868,17.115354478374016,0,100,125
collaborative,10,branch,global,85.91043180510226,16.7433000417349,0,100,125
collaborative,10,branch,large,85.91043180510226,16.7433000417349,0,100,125
collaborative,12,branch,global,86.30239455511453,16.7514400107364,0,100,125
collaborative,12,branch,large,86.30239455511453,16.7514400107364,0,100,125
collaborative,14,branch,global,86.4150892782658,16.71068409359576,0,100,125
collaborative,14,branch,large,86.4150892782658,16.71068409359576,0,100,125
collaborative,16,branch,global,86.53434853752505,16.702560600324052,0,100,125
collaborative,16,branch,large,86.53434853752505,16.702560600324052,0,100,125
collaborative,18,branch,global,86.6515446747212,16.70402281162639,0,100,125
collaborative,18,branch,large,86.6515446747212,16.70402281162639,0,100,125
collaborative,20,branch,global,86.99519715699068,16.650077811266,0,100,125
collaborative,20,branch,large,86.99519715699068,16.650077811266,0,100,125
collaborative,22,branch,global,87.042889464683,16.67302030357063,0,100,125
collaborative,22,branch,large,87.042889464683,16.67302030357063,0,100,125
collaborative,24,branch,global,87.08205613134966,16.672572094833907,0,100,125
collaborative,24,branch,large,87.08205613134966,16.672572094833907,0,100,125
collaborative,26,branch,global,87.1807732253668,16.555374653816436,0,100,125
collaborative,26,branch,large,87.1807732253668,16.555374653816436,0,100,125
collaborative,28,branch,global,87.18077322536674,16.555374653816433,0,100,125
collaborative,28,branch,large,87.18077322536674,16.555374653816433,0,100,125
collaborative,30,branch,global,87.19276904563844,16.549817329166785,0,100,125
collaborative,30,branch,large,87.19276904563844,16.549817329166785,0,100,125
collaborative,32,branch,global,87.28669001828277,16.384860451690155,0,100,125
collaborative,32,branch,large,87.28669001828277,16.384860451690155,0,100,125
collaborative,34,branch,global,87.29538567045677,16.381509838708734,0,100,125
collaborative,34,branch,large,87.29538567045677,16.381509838708734,0,100,125
collaborative,36,branch,global,87.4681902571744,16.459967189559546,0,100,125
collaborative,36,branch,large,87.4681902571744,16.459967189559546,0,100,125
collaborative,38,branch,global,87.46819025717437,16.45996718955954,0,100,125
collaborative,38,branch,large,87.46819025717437,16.45996718955954,0,100,125
collaborative,40,branch,global,87.56596803495212,16.375795740431037,0,100,125
collaborative,40,branch,large,87.56596803495212,16.375795740431037,0,100,125
collaborative,42,branch,global,87.62996803495219,16.307326426948073,0,100,125
collaborative,42,branch,large,87.62996803495219,16.307326426948073,0,100,125
collaborative,44,branch,global,87.71377755876165,16.275542489251453,0,100,125
collaborative,44,branch,large,87.71377755876165,16.275542489251453,0,100,125
collaborative,46,branch,global,87.72146986645397,16.273394458900558,0,100,125
collaborative,46,branch,large,87.72146986645397,16.273394458900558,0,100,125
collaborative,48,branch,global,87.72762371260782,16.27149138722533,0,100,125
collaborative,48,branch,large,87.72762371260782,16.27149138722533,0,100,125
collaborative,50,branch,global,87.52101184882028,16.38762892001863,0,100,126
collaborative,50,branch,small,60,0,60,60,1
collaborative,50,branch,large,87.74117994361086,16.266379251012378,0,100,125
collaborative,52,branch,global,87.59547412165212,16.339216528927807,0,100,126
collaborative,52,branch,small,60,0,60,60,1
collaborative,52,branch,large,87.81623791462533,16.21619371385107,0,100,125
collaborative,54,branch,global,87.63860731695928,16.330296894151164,0,100,126
collaborative,54,branch,small,60,0,60,60,1
collaborative,54,branch,large,87.85971617549495,16.206541746518297,0,100,125
collaborative,56,branch,global,87.63860731695925,16.33029689415116,0,100,126
collaborative,56,branch,small,60,0,60,60,1
collaborative,56,branch,large,87.85971617549492,16.206541746518308,0,100,125
collaborative,58,branch,global,87.63860731695921,16.330296894151157,0,100,126
collaborative,58,branch,small,60,0,60,60,1
collaborative,58,branch,large,87.8597161754949,16.2065417465183,0,100,125
collaborative,60,branch,global,87.64154676434313,16.327888174270402,0,100,126
collaborative,60,branch,small,60,0,60,60,1
collaborative,60,branch,large,87.86267913845788,16.20405477966076,0,100,125
collaborative,62,branch,global,87.70056182335817,16.333860023669924,0,100,126
collaborative,62,branch,small,60,0,60,60,1
collaborative,62,branch,large,87.92216631794504,16.209307992149665,0,100,125
collaborative,64,branch,global,87.70056182335819,16.333860023669924,0,100,126
collaborative,64,branch,small,60,0,60,60,1
collaborative,64,branch,large,87.92216631794506,16.20930799214967,0,100,125
collaborative,66,branch,global,87.70761649707953,16.325443542010802,0,100,126
collaborative,66,branch,small,60,0,60,60,1
collaborative,66,branch,large,87.92927742905619,16.20066165419704,0,100,125
collaborative,68,branch,global,87.70761649707953,16.325443542010802,0,100,126
collaborative,68,branch,small,60,0,60,60,1
collaborative,68,branch,large,87.92927742905617,16.20066165419704,0,100,125
collaborative,70,branch,global,87.81721589239325,16.278168339503395,0,100,126
collaborative,70,branch,small,60,0,60,60,1
collaborative,70,branch,large,88.03975361953239,16.151120443024755,0,100,125
collaborative,72,branch,global,87.82653847485408,16.26936456123757,0,100,126
collaborative,72,branch,small,60,0,60,60,1
collaborative,72,branch,large,88.04915078265292,16.14204679787355,0,100,125
collaborative,74,branch,global,87.85488314605593,16.28742749381022,0,100,126
collaborative,74,branch,small,60,0,60,60,1
collaborative,74,branch,large,88.07772221122437,16.160003816566565,0,100,125
collaborative,76,branch,global,87.8548831460559,16.28742749381022,0,100,126
collaborative,76,branch,small,60,0,60,60,1
collaborative,76,branch,large,88.07772221122434,16.160003816566565,0,100,125
collaborative,78,branch,global,87.98715827833105,16.227500072728425,0,100,126
collaborative,78,branch,small,60,0,60,60,1
collaborative,78,branch,large,88.21105554455771,16.09726791929269,0,100,125
collaborative,80,branch,global,87.98715827833102,16.22750007272842,0,100,126
collaborative,80,branch,small,60,0,60,60,1
collaborative,80,branch,large,88.2110555445577,16.097267919292687,0,100,125
collaborative,82,branch,global,87.98715827833102,16.22750007272842,0,100,126
collaborative,82,branch,small,60,0,60,60,1
collaborative,82,branch,large,88.21105554455768,16.0972679192927,0,100,125
collaborative,84,branch,global,87.98715827833104,16.227500072728425,0,100,126
collaborative,84,branch,small,60,0,60,60,1
collaborative,84,branch,large,88.2110555445577,16.097267919292683,0,100,125
collaborative,86,branch,global,88.01550294953286,16.220384599953686,0,100,126
collaborative,86,branch,small,60,0,60,60,1
collaborative,86,branch,large,88.23962697312912,16.08963967156825,0,100,125
collaborative,88,branch,global,88.01550294953286,16.220384599953682,0,100,126
collaborative,88,branch,small,60,0,60,60,1
collaborative,88,branch,large,88.23962697312912,16.08963967156825,0,100,125
collaborative,90,branch,global,88.09486802889793,16.205428920357562,0,100,126
collaborative,90,branch,small,60,0,60,60,1
collaborative,90,branch,large,88.31962697312912,16.073324623275735,0,100,125
collaborative,92,branch,global,88.09486802889789,16.205428920357562,0,100,126
collaborative,92,branch,small,60,0,60,60,1
collaborative,92,branch,large,88.31962697312909,16.07332462327573,0,100,125
collaborative,94,branch,global,88.09486802889792,16.205428920357562,0,100,126
collaborative,94,branch,small,60,0,60,60,1
collaborative,94,branch,large,88.31962697312912,16.073324623275735,0,100,125
collaborative,96,branch,global,88.1498766776566,16.182424445181006,0,100,126
collaborative,96,branch,small,60,0,60,60,1
collaborative,96,branch,large,88.37507569107784,16.04916785257104,0,100,125
collaborative,98,branch,global,88.1498766776566,16.18242444518101,0,100,126
collaborative,98,branch,small,60,0,60,60,1
collaborative,98,branch,large,88.37507569107784,16.049167852571046,0,100,125
collaborative,100,branch,global,88.24318473531281,16.15258156573422,0,100,127
collaborative,100,branch,small,80,20,60,100,2
collaborative,100,branch,large,88.37507569107783,16.04916785257103,0,100,125
collaborative,102,branch,global,88.24318473531282,16.152581565734216,0,100,127
collaborative,102,branch,small,80,20,60,100,2
collaborative,102,branch,large,88.37507569107783,16.049167852571028,0,100,125
collaborative,104,branch,global,88.31993295428545,16.140204481547123,0,100,127
collaborative,104,branch,small,80,20,60,100,2
collaborative,104,branch,large,88.45305188155402,16.03586725808227,0,100,125
collaborative,106,branch,global,88.31993295428549,16.14020448154713,0,100,127
collaborative,106,branch,small,80,20,60,100,2
collaborative,106,branch,large,88.45305188155406,16.035867258082252,0,100,125
collaborative,108,branch,global,88.31993295428548,16.14020448154713,0,100,127
collaborative,108,branch,small,80,20,60,100,2
collaborative,108,branch,large,88.45305188155405,16.035867258082256,0,100,125
collaborative,110,branch,global,88.3957568096369,16.097404170419455,0,100,127
collaborative,110,branch,small,80,20,60,100,2
collaborative,110,branch,large,88.53008891859106,15.991453308822495,0,100,125
collaborative,112,branch,global,88.47449696711718,16.080592531418937,0,100,127
collaborative,112,branch,small,80,20,60,100,2
collaborative,112,branch,large,88.61008891859105,15.973583339416225,0,100,125
collaborative,114,branch,global,88.51028794779009,16.080912968513015,0,100,127
collaborative,114,branch,small,80,20,60,100,2
collaborative,114,branch,large,88.64645255495472,15.973601762776953,0,100,125
collaborative,116,branch,global,88.51028794779005,16.080912968513008,0,100,127
collaborative,116,branch,small,80,20,60,100,2
collaborative,116,branch,large,88.64645255495468,15.973601762776944,0,100,125
collaborative,118,branch,global,88.51028794779008,16.08091296851301,0,100,127
collaborative,118,branch,small,80,20,60,100,2
collaborative,118,branch,large,88.6464525549547,15.973601762776955,0,100,125
collaborative,120,branch,global,88.51028794779008,16.08091296851301,0,100,127
collaborative,120,branch,small,80,20,60,100,2
collaborative,120,branch,large,88.6464525549547,15.973601762776951,0,100,125
collaborative,122,branch,global,88.51028794779009,16.080912968513015,0,100,127
collaborative,122,branch,small,80,20,60,100,2
collaborative,122,branch,large,88.64645255495472,15.973601762776953,0,100,125
collaborative,124,branch,global,88.51028794779006,16.08091296851301,0,100,127
collaborative,124,branch,small,80,20,60,100,2
collaborative,124,branch,large,88.64645255495469,15.973601762776951,0,100,125
collaborative,126,branch,global,88.51238210091456,16.075186762691295,0,100,127
collaborative,126,branch,small,80,20,60,100,2
collaborative,126,branch,large,88.64858021452918,15.967726676519362,0,100,125
collaborative,128,branch,global,88.51238210091454,16.07518676269128,0,100,127
collaborative,128,branch,small,80,20,60,100,2
collaborative,128,branch,large,88.64858021452916,15.967726676519353,0,100,125
collaborative,130,branch,global,88.65554602360601,15.974132445827593,0,100,127
collaborative,130,branch,small,80,20,60,100,2
collaborative,130,branch,large,88.7940347599837,15.86309550981836,0,100,125
collaborative,132,branch,global,88.65554602360604,15.974132445827586,0,100,127
collaborative,132,branch,small,80,20,60,100,2
collaborative,132,branch,large,88.79403475998373,15.863095509818365,0,100,125
collaborative,134,branch,global,88.6801523228186,15.958687225329752,0,100,127
collaborative,134,branch,small,80,20,60,100,2
collaborative,134,branch,large,88.81903475998371,15.84707430670681,0,100,125
collaborative,136,branch,global,88.6801523228186,15.958687225329756,0,100,127
collaborative,136,branch,small,80,20,60,100,2
collaborative,136,branch,large,88.81903475998371,15.847074306706812,0,100,125
collaborative,138,branch,global,88.70699555832326,15.94042209852293,0,100,127
collaborative,138,branch,small,80,20,60,100,2
collaborative,138,branch,large,88.84630748725644,15.828146240983427,0,100,125
collaborative,140,branch,global,88.72542658777793,15.922159514944429,0,100,127
collaborative,140,branch,small,80,20,60,100,2
collaborative,140,branch,large,88.86503341318237,15.809294325343116,0,100,125
collaborative,142,branch,global,88.7254265877779,15.922159514944422,0,100,127
collaborative,142,branch,small,80,20,60,100,2
collaborative,142,branch,large,88.86503341318236,15.809294325343108,0,100,125
collaborative,144,branch,global,88.72542658777793,15.922159514944429,0,100,127
collaborative,144,branch,small,80,20,60,100,2
collaborative,144,branch,large,88.86503341318236,15.80929432534311,0,100,125
collaborative,146,branch,global,88.72542658777792,15.922159514944429,0,100,127
collaborative,146,branch,small,80,20,60,100,2
collaborative,146,branch,large,88.86503341318236,15.80929432534311,0,100,125
collaborative,148,branch,global,88.7254265877779,15.92215951494442,0,100,127
collaborative,148,branch,small,80,20,60,100,2
collaborative,148,branch,large,88.86503341318236,15.809294325343107,0,100,125
collaborative,150,branch,global,88.76292190086377,15.926237741572981,0,100,127
collaborative,150,branch,small,80,20,60,100,2
collaborative,150,branch,large,88.9031286512776,15.813130323943104,0,100,125
collaborative,152,branch,global,88.76292190086379,15.926237741572972,0,100,127
collaborative,152,branch,small,80,20,60,100,2
collaborative,152,branch,large,88.90312865127761,15.813130323943108,0,100,125
collaborative,154,branch,global,88.76292190086376,15.926237741572976,0,100,127
collaborative,154,branch,small,80,20,60,100,2
collaborative,154,branch,large,88.90312865127758,15.813130323943104,0,100,125
collaborative,156,branch,global,88.76292190086376,15.926237741572976,0,100,127
collaborative,156,branch,small,80,20,60,100,2
collaborative,156,branch,large,88.90312865127758,15.813130323943101,0,100,125
collaborative,158,branch,global,88.76292190086377,15.926237741572981,0,100,127
collaborative,158,branch,small,80,20,60,100,2
collaborative,158,branch,large,88.9031286512776,15.813130323943103,0,100,125
collaborative,160,branch,global,88.78916862002387,15.931000824103867,0,100,127
collaborative,160,branch,small,80,20,60,100,2
collaborative,160,branch,large,88.92979531794425,15.817767485490872,0,100,125
collaborative,162,branch,global,88.78916862002387,15.931000824103863,0,100,127
collaborative,162,branch,small,80,20,60,100,2
collaborative,162,branch,large,88.92979531794425,15.817767485490865,0,100,125
collaborative,164,branch,global,88.78916862002389,15.931000824103862,0,100,127
collaborative,164,branch,small,80,20,60,100,2
collaborative,164,branch,large,88.92979531794427,15.817767485490867,0,100,125
collaborative,166,branch,global,88.78916862002387,15.931000824103862,0,100,127
collaborative,166,branch,small,80,20,60,100,2
collaborative,166,branch,large,88.92979531794425,15.817767485490865,0,100,125
collaborative,168,branch,global,88.7891686200239,15.931000824103856,0,100,127
collaborative,168,branch,small,80,20,60,100,2
collaborative,168,branch,large,88.92979531794428,15.817767485490863,0,100,125
collaborative,170,branch,global,88.78916862002389,15.93100082410387,0,100,127
collaborative,170,branch,small,80,20,60,100,2
collaborative,170,branch,large,88.92979531794427,15.817767485490874,0,100,125
collaborative,172,branch,global,88.7891686200239,15.93100082410385,0,100,127
collaborative,172,branch,small,80,20,60,100,2
collaborative,172,branch,large,88.92979531794428,15.817767485490867,0,100,125
collaborative,174,branch,global,88.79733426598483,15.923782828157528,0,100,127
collaborative,174,branch,small,80,20,60,100,2
collaborative,174,branch,large,88.93809161424059,15.81030762626617,0,100,125
collaborative,176,branch,global,88.79733426598483,15.923782828157528,0,100,127
collaborative,176,branch,small,80,20,60,100,2
collaborative,176,branch,large,88.93809161424059,15.81030762626617,0,100,125
collaborative,178,branch,global,88.79733426598479,15.923782828157533,0,100,127
collaborative,178,branch,small,80,20,60,100,2
collaborative,178,branch,large,88.93809161424053,15.810307626266157,0,100,125
collaborative,180,branch,global,88.8569859004396,15.927699116378932,0,100,127
collaborative,180,branch,small,80,20,60,100,2
collaborative,180,branch,large,88.99869767484661,15.813773847924903,0,100,125
collaborative,182,branch,global,88.85698590043962,15.927699116378932,0,100,127
collaborative,182,branch,small,80,20,60,100,2
collaborative,182,branch,large,88.99869767484665,15.813773847924908,0,100,125
collaborative,184,branch,global,88.85698590043961,15.927699116378932,0,100,127
collaborative,184,branch,small,80,20,60,100,2
collaborative,184,branch,large,88.99869767484664,15.813773847924907,0,100,125
collaborative,186,branch,global,88.85698590043958,15.92769911637893,0,100,127
collaborative,186,branch,small,80,20,60,100,2
collaborative,186,branch,large,88.99869767484661,15.813773847924903,0,100,125
collaborative,188,branch,global,88.85698590043961,15.927699116378932,0,100,127
collaborative,188,branch,small,80,20,60,100,2
collaborative,188,branch,large,88.99869767484664,15.813773847924907,0,100,125
collaborative,190,branch,global,88.8569859004396,15.927699116378932,0,100,127
collaborative,190,branch,small,80,20,60,100,2
collaborative,190,branch,large,88.99869767484661,15.813773847924903,0,100,125
collaborative,192,branch,global,88.85698590043962,15.927699116378934,0,100,127
collaborative,192,branch,small,80,20,60,100,2
collaborative,192,branch,large,88.99869767484665,15.813773847924912,0,100,125
collaborative,194,branch,global,88.86056499850689,15.925657268287575,0,100,127
collaborative,194,branch,small,80,20,60,100,2
collaborative,194,branch,large,89.002334038483,15.811651783530163,0,100,125
collaborative,196,branch,global,88.86056499850689,15.925657268287576,0,100,127
collaborative,196,branch,small,80,20,60,100,2
collaborative,196,branch,large,89.002334038483,15.811651783530165,0,100,125
collaborative,198,branch,global,88.86056499850687,15.925657268287573,0,100,127
collaborative,198,branch,small,80,20,60,100,2
collaborative,198,branch,large,89.00233403848299,15.81165178353016,0,100,125
collaborative,200,branch,global,88.86056499850687,15.925657268287571,0,100,127
collaborative,200,branch,small,80,20,60,100,2
collaborative,200,branch,large,89.00233403848297,15.81165178353016,0,100,125
collaborative,202,branch,global,88.87316342370374,15.910091652524205,0,100,127
collaborative,202,branch,small,80,20,60,100,2
collaborative,202,branch,large,89.01513403848301,15.795607887391574,0,100,125
collaborative,204,branch,global,88.87316342370373,15.910091652524192,0,100,127
collaborative,204,branch,small,80,20,60,100,2
collaborative,204,branch,large,89.015134038483,15.795607887391574,0,100,125
collaborative,206,branch,global,88.87316342370373,15.910091652524205,0,100,127
collaborative,206,branch,small,80,20,60,100,2
collaborative,206,branch,large,89.015134038483,15.795607887391574,0,100,125
collaborative,208,branch,global,88.9034480996577,15.92757247628885,0,100,127
collaborative,208,branch,small,80,20,60,100,2
collaborative,208,branch,large,89.04590326925222,15.81322011302178,0,100,125
collaborative,210,branch,global,88.9034480996577,15.927572476288857,0,100,127
collaborative,210,branch,small,80,20,60,100,2
collaborative,210,branch,large,89.04590326925222,15.81322011302178,0,100,125
collaborative,212,branch,global,88.9034480996577,15.927572476288859,0,100,127
collaborative,212,branch,small,80,20,60,100,2
collaborative,212,branch,large,89.04590326925222,15.81322011302178,0,100,125
collaborative,214,branch,global,88.96760674649353,15.950831260202875,0,100,127
collaborative,214,branch,small,80,20,60,100,2
collaborative,214,branch,large,89.11108845443742,15.836432920486166,0,100,125
collaborative,216,branch,global,88.96760674649352,15.950831260202872,0,100,127
collaborative,216,branch,small,80,20,60,100,2
collaborative,216,branch,large,89.11108845443741,15.836432920486159,0,100,125
collaborative,218,branch,global,88.96760674649353,15.95083126020287,0,100,127
collaborative,218,branch,small,80,20,60,100,2
collaborative,218,branch,large,89.11108845443744,15.836432920486164,0,100,125
collaborative,220,branch,global,89.05197120093669,15.961731613183577,0,100,127
collaborative,220,branch,small,80,20,60,100,2
collaborative,220,branch,large,89.19680274015167,15.84680784928159,0,100,125
collaborative,222,branch,global,89.05812277573988,15.956163349241196,0,100,127
collaborative,222,branch,small,80,20,60,100,2
collaborative,222,branch,large,89.20305274015173,15.84105227258595,0,100,125
collaborative,224,branch,global,89.05812277573986,15.956163349241198,0,100,127
collaborative,224,branch,small,80,20,60,100,2
collaborative,224,branch,large,89.20305274015172,15.84105227258595,0,100,125
collaborative,226,branch,global,89.13686293322019,15.935930294852445,0,100,127
collaborative,226,branch,small,80,20,60,100,2
collaborative,226,branch,large,89.2830527401517,15.819609624272532,0,100,125
collaborative,228,branch,global,89.13686293322019,15.935930294852444,0,100,127
collaborative,228,branch,small,80,20,60,100,2
collaborative,228,branch,large,89.28305274015172,15.819609624272536,0,100,125
collaborative,230,branch,global,89.13686293322017,15.935930294852444,0,100,127
collaborative,230,branch,small,80,20,60,100,2
collaborative,230,branch,large,89.28305274015169,15.81960962427253,0,100,125
collaborative,232,branch,global,89.16146923243274,15.950265747300307,0,100,127
collaborative,232,branch,small,80,20,60,100,2
collaborative,232,branch,large,89.30805274015168,15.834050209196901,0,100,125
collaborative,234,branch,global,89.19570408351116,15.968815522115086,0,100,127
collaborative,234,branch,small,80,20,60,100,2
collaborative,234,branch,large,89.34283534884733,15.852712547053562,0,100,125
collaborative,236,branch,global,89.19570408351116,15.96881552211509,0,100,127
collaborative,236,branch,small,80,20,60,100,2
collaborative,236,branch,large,89.34283534884732,15.852712547053557,0,100,125
collaborative,238,branch,global,89.21387488908354,15.967532079093198,0,100,127
collaborative,238,branch,small,80,20,60,100,2
collaborative,238,branch,large,89.36129688730888,15.85122748858628,0,100,125
collaborative,240,branch,global,89.21387488908356,15.967532079093202,0,100,127
collaborative,240,branch,small,80,20,60,100,2
collaborative,240,branch,large,89.36129688730888,15.851227488586277,0,100,125
collaborative,242,branch,global,89.26636832740377,15.926143065223782,0,100,127
collaborative,242,branch,small,80,20,60,100,2
collaborative,242,branch,large,89.41463022064222,15.808367232584983,0,100,125
collaborative,244,branch,global,89.26636832740374,15.926143065223778,0,100,127
collaborative,244,branch,small,80,20,60,100,2
collaborative,244,branch,large,89.41463022064218,15.808367232585,0,100,125
collaborative,246,branch,global,89.26636832740378,15.92614306522378,0,100,127
collaborative,246,branch,small,80,20,60,100,2
collaborative,246,branch,large,89.41463022064224,15.808367232584985,0,100,125
collaborative,248,branch,global,89.26636832740378,15.926143065223782,0,100,127
collaborative,248,branch,small,80,20,60,100,2
collaborative,248,branch,large,89.41463022064224,15.80836723258498,0,100,125
collaborative,250,branch,global,89.26636832740375,15.926143065223782,0,100,127
collaborative,250,branch,small,80,20,60,100,2
collaborative,250,branch,large,89.41463022064221,15.80836723258497,0,100,125
collaborative,252,branch,global,89.26636832740378,15.926143065223778,0,100,127
collaborative,252,branch,small,80,20,60,100,2
collaborative,252,branch,large,89.41463022064224,15.808367232584985,0,100,125
collaborative,254,branch,global,89.29448981221816,15.941910160388518,0,100,127
collaborative,254,branch,small,80,20,60,100,2
collaborative,254,branch,large,89.44320164921365,15.824237602188466,0,100,125
collaborative,256,branch,global,89.30323871860487,15.940770460308046,0,100,127
collaborative,256,branch,small,80,20,60,100,2
collaborative,256,branch,large,89.45209053810255,15.822987473908585,0,100,125
collaborative,258,branch,global,89.30323871860486,15.940770460308043,0,100,127
collaborative,258,branch,small,80,20,60,100,2
collaborative,258,branch,large,89.45209053810254,15.822987473908583,0,100,125
collaborative,260,branch,global,89.30323871860486,15.940770460308032,0,100,127
collaborative,260,branch,small,80,20,60,100,2
collaborative,260,branch,large,89.45209053810254,15.822987473908587,0,100,125
collaborative,262,branch,global,89.30323871860483,15.94077046030806,0,100,127
collaborative,262,branch,small,80,20,60,100,2
collaborative,262,branch,large,89.45209053810252,15.822987473908581,0,100,125
collaborative,264,branch,global,89.30323871860486,15.94077046030804,0,100,127
collaborative,264,branch,small,80,20,60,100,2
collaborative,264,branch,large,89.45209053810255,15.822987473908588,0,100,125
collaborative,266,branch,global,89.30323871860486,15.94077046030803,0,100,127
collaborative,266,branch,small,80,20,60,100,2
collaborative,266,branch,large,89.45209053810254,15.822987473908588,0,100,125
collaborative,268,branch,global,89.30323871860486,15.940770460308034,0,100,127
collaborative,268,branch,small,80,20,60,100,2
collaborative,268,branch,large,89.45209053810254,15.822987473908588,0,100,125
collaborative,270,branch,global,89.30323871860485,15.940770460308029,0,100,127
collaborative,270,branch,small,80,20,60,100,2
collaborative,270,branch,large,89.45209053810252,15.822987473908581,0,100,125
collaborative,272,branch,global,89.30323871860489,15.940770460308043,0,100,127
collaborative,272,branch,small,80,20,60,100,2
collaborative,272,branch,large,89.45209053810257,15.822987473908587,0,100,125
collaborative,274,branch,global,89.32948543776497,15.92817014141852,0,100,127
collaborative,274,branch,small,80,20,60,100,2
collaborative,274,branch,large,89.47875720476922,15.809838673493168,0,100,125
collaborative,276,branch,global,89.33263504406415,15.924386752345798,0,100,127
collaborative,276,branch,small,80,20,60,100,2
collaborative,276,branch,large,89.48195720476919,15.805935739328117,0,100,125
collaborative,278,branch,global,89.33263504406415,15.924386752345798,0,100,127
collaborative,278,branch,small,80,20,60,100,2
collaborative,278,branch,large,89.48195720476917,15.805935739328115,0,100,125
collaborative,280,branch,global,89.33263504406418,15.924386752345775,0,100,127
collaborative,280,branch,small,80,20,60,100,2
collaborative,280,branch,large,89.4819572047692,15.805935739328117,0,100,125
collaborative,282,branch,global,89.33263504406416,15.924386752345765,0,100,127
collaborative,282,branch,small,80,20,60,100,2
collaborative,282,branch,large,89.48195720476917,15.805935739328117,0,100,125
collaborative,284,branch,global,89.35232008343424,15.932923245296205,0,100,127
collaborative,284,branch,small,80,20,60,100,2
collaborative,284,branch,large,89.50195720476918,15.814484699400698,0,100,125
collaborative,286,branch,global,89.35232008343424,15.932923245296186,0,100,127
collaborative,286,branch,small,80,20,60,100,2
collaborative,286,branch,large,89.50195720476918,15.814484699400685,0,100,125
collaborative,288,branch,global,89.39863782312857,15.955243446861546,0,100,127
collaborative,288,branch,small,80,20,60,100,2
collaborative,288,branch,large,89.54901602829862,15.836885623515773,0,100,125
collaborative,290,branch,global,89.39863782312855,15.955243446861546,0,100,127
collaborative,290,branch,small,80,20,60,100,2
collaborative,290,branch,large,89.54901602829861,15.836885623515768,0,100,125
collaborative,292,branch,global,89.39863782312855,15.955243446861546,0,100,127
collaborative,292,branch,small,80,20,60,100,2
collaborative,292,branch,large,89.54901602829861,15.836885623515768,0,100,125
collaborative,294,branch,global,89.3986378231286,15.955243446861548,0,100,127
collaborative,294,branch,small,80,20,60,100,2
collaborative,294,branch,large,89.54901602829865,15.836885623515778,0,100,125
collaborative,296,branch,global,89.39863782312855,15.955243446861546,0,100,127
collaborative,296,branch,small,80,20,60,100,2
collaborative,296,branch,large,89.54901602829861,15.836885623515768,0,100,125
collaborative,298,branch,global,89.39863782312854,15.955243446861544,0,100,127
collaborative,298,branch,small,80,20,60,100,2
collaborative,298,branch,large,89.5490160282986,15.836885623515764,0,100,125
collaborative,300,branch,global,89.41738547967152,15.963490581182464,0,100,127
collaborative,300,branch,small,80,20,60,100,2
collaborative,300,branch,large,89.56806364734626,15.845146314928485,0,100,125
collaborative,302,branch,global,89.42321808392931,15.963025765753219,0,100,127
collaborative,302,branch,small,80,20,60,100,2
collaborative,302,branch,large,89.57398957327217,15.844614163707325,0,100,125
collaborative,304,branch,global,89.46258816266945,15.982884867101015,0,100,127
collaborative,304,branch,small,80,20,60,100,2
collaborative,304,branch,large,89.61398957327215,15.86456046762386,0,100,125
collaborative,306,branch,global,89.51883113229826,15.99891236643892,0,100,127
collaborative,306,branch,small,80,20,60,100,2
collaborative,306,branch,large,89.67113243041503,15.880419202153472,0,100,125
collaborative,308,branch,global,89.51883113229827,15.998912366438924,0,100,127
collaborative,308,branch,small,80,20,60,100,2
collaborative,308,branch,large,89.67113243041504,15.880419202153465,0,100,125
collaborative,310,branch,global,89.51883113229827,15.998912366438923,0,100,127
collaborative,310,branch,small,80,20,60,100,2
collaborative,310,branch,large,89.67113243041504,15.880419202153465,0,100,125
collaborative,312,branch,global,89.51883113229826,15.99891236643892,0,100,127
collaborative,312,branch,small,80,20,60,100,2
collaborative,312,branch,large,89.67113243041503,15.880419202153469,0,100,125
collaborative,314,branch,global,89.51883113229825,15.998912366438931,0,100,127
collaborative,314,branch,small,80,20,60,100,2
collaborative,314,branch,large,89.67113243041501,15.880419202153464,0,100,125
collaborative,316,branch,global,89.51883113229823,15.998912366438926,0,100,127
collaborative,316,branch,small,80,20,60,100,2
collaborative,316,branch,large,89.671132430415,15.880419202153464,0,100,125
collaborative,318,branch,global,89.51883113229823,15.998912366438924,0,100,127
collaborative,318,branch,small,80,20,60,100,2
collaborative,318,branch,large,89.671132430415,15.880419202153465,0,100,125
collaborative,320,branch,global,89.59757128977854,16.025672313392363,0,100,127
collaborative,320,branch,small,80,20,60,100,2
collaborative,320,branch,large,89.751132430415,15.907040354737834,0,100,125
collaborative,322,branch,global,89.61725632914863,16.036898622690128,0,100,127
collaborative,322,branch,small,80,20,60,100,2
collaborative,322,branch,large,89.77113243041501,15.918338090078427,0,100,125
collaborative,324,branch,global,89.61725632914866,16.036898622690135,0,100,127
collaborative,324,branch,small,80,20,60,100,2
collaborative,324,branch,large,89.77113243041504,15.918338090078434,0,100,125
collaborative,326,branch,global,89.61725632914866,16.03689862269013,0,100,127
collaborative,326,branch,small,80,20,60,100,2
collaborative,326,branch,large,89.77113243041504,15.918338090078432,0,100,125
collaborative,328,branch,global,89.61725632914863,16.036898622690128,0,100,127
collaborative,328,branch,small,80,20,60,100,2
collaborative,328,branch,large,89.77113243041501,15.918338090078425,0,100,125
collaborative,330,branch,global,89.62135737901741,16.033759137918633,0,100,127
collaborative,330,branch,small,80,20,60,100,2
collaborative,330,branch,large,89.77529909708169,15.915084312333292,0,100,125
collaborative,332,branch,global,89.62135737901741,16.033759137918643,0,100,127
collaborative,332,branch,small,80,20,60,100,2
collaborative,332,branch,large,89.7752990970817,15.91508431233329,0,100,125
collaborative,334,branch,global,89.6213573790174,16.033759137918622,0,100,127
collaborative,334,branch,small,80,20,60,100,2
collaborative,334,branch,large,89.77529909708166,15.915084312333294,0,100,125
collaborative,336,branch,global,89.62135737901743,16.033759137918643,0,100,127
collaborative,336,branch,small,80,20,60,100,2
collaborative,336,branch,large,89.77529909708169,15.915084312333287,0,100,125
collaborative,338,branch,global,89.65885269210327,16.052407233599375,0,100,127
collaborative,338,branch,small,80,20,60,100,2
collaborative,338,branch,large,89.81339433517691,15.933802947084484,0,100,125
collaborative,340,branch,global,89.65885269210327,16.052407233599375,0,100,127
collaborative,340,branch,small,80,20,60,100,2
collaborative,340,branch,large,89.81339433517691,15.933802947084486,0,100,125
collaborative,342,branch,global,89.6588526921033,16.05240723359938,0,100,127
collaborative,342,branch,small,80,20,60,100,2
collaborative,342,branch,large,89.81339433517694,15.933802947084496,0,100,125
collaborative,344,branch,global,89.65885269210328,16.05240723359938,0,100,127
collaborative,344,branch,small,80,20,60,100,2
collaborative,344,branch,large,89.81339433517692,15.933802947084489,0,100,125
collaborative,346,branch,global,89.67957378617704,16.02438864123419,0,100,127
collaborative,346,branch,small,80,20,60,100,2
collaborative,346,branch,large,89.83444696675589,15.904918602292353,0,100,125
collaborative,348,branch,global,89.67957378617704,16.024388641234186,0,100,127
collaborative,348,branch,small,80,20,60,100,2
collaborative,348,branch,large,89.83444696675586,15.904918602292346,0,100,125
collaborative,350,branch,global,89.67957378617704,16.024388641234186,0,100,127
collaborative,350,branch,small,80,20,60,100,2
collaborative,350,branch,large,89.83444696675588,15.904918602292348,0,100,125
collaborative,352,branch,global,89.67957378617704,16.02438864123419,0,100,127
collaborative,352,branch,small,80,20,60,100,2
collaborative,352,branch,large,89.83444696675588,15.904918602292351,0,100,125
collaborative,354,branch,global,89.67957378617706,16.0243886412342,0,100,127
collaborative,354,branch,small,80,20,60,100,2
collaborative,354,branch,large,89.83444696675589,15.90491860229235,0,100,125
collaborative,356,branch,global,89.67957378617703,16.024388641234218,0,100,127
collaborative,356,branch,small,80,20,60,100,2
collaborative,356,branch,large,89.83444696675586,15.904918602292346,0,100,125
collaborative,358,branch,global,89.73206722449724,16.04717510412871,0,100,127
collaborative,358,branch,small,80,20,60,100,2
collaborative,358,branch,large,89.8877803000892,15.927723045131872,0,100,125
collaborative,360,branch,global,89.73206722449726,16.04717510412871,0,100,127
collaborative,360,branch,small,80,20,60,100,2
collaborative,360,branch,large,89.88778030008922,15.927723045131867,0,100,125
collaborative,362,branch,global,89.73206722449726,16.04717510412871,0,100,127
collaborative,362,branch,small,80,20,60,100,2
collaborative,362,branch,large,89.88778030008922,15.927723045131865,0,100,125
collaborative,364,branch,global,89.73206722449724,16.047175104128705,0,100,127
collaborative,364,branch,small,80,20,60,100,2
collaborative,364,branch,large,89.8877803000892,15.927723045131868,0,100,125
collaborative,366,branch,global,89.73206722449726,16.04717510412871,0,100,127
collaborative,366,branch,small,80,20,60,100,2
collaborative,366,branch,large,89.88778030008922,15.927723045131868,0,100,125
collaborative,368,branch,global,89.73206722449724,16.04717510412871,0,100,127
collaborative,368,branch,small,80,20,60,100,2
collaborative,368,branch,large,89.8877803000892,15.927723045131874,0,100,125
collaborative,370,branch,global,89.73206722449724,16.047175104128705,0,100,127
collaborative,370,branch,small,80,20,60,100,2
collaborative,370,branch,large,89.8877803000892,15.927723045131868,0,100,125
collaborative,372,branch,global,89.73206722449721,16.0471751041287,0,100,127
collaborative,372,branch,small,80,20,60,100,2
collaborative,372,branch,large,89.88778030008918,15.927723045131867,0,100,125
collaborative,374,branch,global,89.73206722449724,16.047175104128705,0,100,127
collaborative,374,branch,small,80,20,60,100,2
collaborative,374,branch,large,89.8877803000892,15.92772304513187,0,100,125
collaborative,376,branch,global,89.73206722449723,16.047175104128705,0,100,127
collaborative,376,branch,small,80,20,60,100,2
collaborative,376,branch,large,89.88778030008919,15.92772304513187,0,100,125
collaborative,378,branch,global,89.73206722449724,16.047175104128712,0,100,127
collaborative,378,branch,small,80,20,60,100,2
collaborative,378,branch,large,89.88778030008919,15.927723045131872,0,100,125
collaborative,380,branch,global,89.75081488104018,16.046642677044797,0,100,127
collaborative,380,branch,small,80,20,60,100,2
collaborative,380,branch,large,89.90682791913683,15.926991641313402,0,100,125
collaborative,382,branch,global,89.75081488104017,16.046642677044826,0,100,127
collaborative,382,branch,small,80,20,60,100,2
collaborative,382,branch,large,89.90682791913682,15.9269916413134,0,100,125
collaborative,384,branch,global,89.75081488104017,16.046642677044815,0,100,127
collaborative,384,branch,small,80,20,60,100,2
collaborative,384,branch,large,89.90682791913682,15.926991641313395,0,100,125
collaborative,386,branch,global,89.75081488104017,16.046642677044815,0,100,127
collaborative,386,branch,small,80,20,60,100,2
collaborative,386,branch,large,89.90682791913682,15.926991641313395,0,100,125
collaborative,388,branch,global,89.75081488104014,16.046642677044815,0,100,127
collaborative,388,branch,small,80,20,60,100,2
collaborative,388,branch,large,89.90682791913679,15.926991641313391,0,100,125
collaborative,390,branch,global,89.75081488104017,16.04664267704482,0,100,127
collaborative,390,branch,small,80,20,60,100,2
collaborative,390,branch,large,89.90682791913682,15.926991641313395,0,100,125
collaborative,392,branch,global,89.77706160020028,16.055204766360422,0,100,127
collaborative,392,branch,small,80,20,60,100,2
collaborative,392,branch,large,89.93349458580349,15.935494578947598,0,100,125
collaborative,394,branch,global,89.77706160020027,16.055204766360415,0,100,127
collaborative,394,branch,small,80,20,60,100,2
collaborative,394,branch,large,89.93349458580347,15.935494578947592,0,100,125
collaborative,396,branch,global,89.79417902573948,16.064933117276137,0,100,127
collaborative,396,branch,small,80,20,60,100,2
collaborative,396,branch,large,89.95088589015131,15.94528197159244,0,100,125
collaborative,398,branch,global,89.79417902573947,16.064933117276134,0,100,127
collaborative,398,branch,small,80,20,60,100,2
collaborative,398,branch,large,89.9508858901513,15.94528197159243,0,100,125
collaborative,400,branch,global,89.79417902573947,16.06493311727614,0,100,127
collaborative,400,branch,small,80,20,60,100,2
collaborative,400,branch,large,89.9508858901513,15.945281971592442,0,100,125
collaborative,402,branch,global,89.79417902573947,16.064933117276137,0,100,127
collaborative,402,branch,small,80,20,60,100,2
collaborative,402,branch,large,89.9508858901513,15.945281971592433,0,100,125
collaborative,404,branch,global,89.79417902573948,16.064933117276134,0,100,127
collaborative,404,branch,small,80,20,60,100,2
collaborative,404,branch,large,89.9508858901513,15.94528197159243,0,100,125
collaborative,406,branch,global,89.79417902573944,16.064933117276126,0,100,127
collaborative,406,branch,small,80,20,60,100,2
collaborative,406,branch,large,89.95088589015127,15.945281971592463,0,100,125
collaborative,408,branch,global,89.79954767284042,16.061772775746878,0,100,127
collaborative,408,branch,small,80,20,60,100,2
collaborative,408,branch,large,89.95634043560587,15.941993328658357,0,100,125
collaborative,410,branch,global,89.79954767284042,16.061772775746885,0,100,127
collaborative,410,branch,small,80,20,60,100,2
collaborative,410,branch,large,89.95634043560587,15.941993328658357,0,100,125
collaborative,412,branch,global,89.79954767284042,16.061772775746878,0,100,127
collaborative,412,branch,small,80,20,60,100,2
collaborative,412,branch,large,89.95634043560587,15.941993328658357,0,100,125
collaborative,414,branch,global,89.79954767284042,16.06177277574689,0,100,127
collaborative,414,branch,small,80,20,60,100,2
collaborative,414,branch,large,89.95634043560587,15.941993328658363,0,100,125
collaborative,416,branch,global,89.79954767284042,16.06177277574689,0,100,127
collaborative,416,branch,small,80,20,60,100,2
collaborative,416,branch,large,89.95634043560587,15.941993328658363,0,100,125
collaborative,418,branch,global,89.82579439200052,16.075690453621718,0,100,127
collaborative,418,branch,small,80,20,60,100,2
collaborative,418,branch,large,89.98300710227254,15.95597734814205,0,100,125
collaborative,420,branch,global,89.8257943920005,16.07569045362173,0,100,127
collaborative,420,branch,small,80,20,60,100,2
collaborative,420,branch,large,89.98300710227252,15.955977348142044,0,100,125
collaborative,422,branch,global,89.82579439200049,16.075690453621725,0,100,127
collaborative,422,branch,small,80,20,60,100,2
collaborative,422,branch,large,89.98300710227251,15.955977348142042,0,100,125
collaborative,424,branch,global,89.82579439200052,16.075690453621732,0,100,127
collaborative,424,branch,small,80,20,60,100,2
collaborative,424,branch,large,89.98300710227254,15.955977348142047,0,100,125
collaborative,426,branch,global,89.82579439200052,16.075690453621732,0,100,127
collaborative,426,branch,small,80,20,60,100,2
collaborative,426,branch,large,89.98300710227254,15.955977348142047,0,100,125
collaborative,428,branch,global,89.82579439200049,16.075690453621725,0,100,127
collaborative,428,branch,small,80,20,60,100,2
collaborative,428,branch,large,89.98300710227251,15.95597734814204,0,100,125
collaborative,430,branch,global,89.8257943920005,16.07569045362173,0,100,127
collaborative,430,branch,small,80,20,60,100,2
collaborative,430,branch,large,89.98300710227251,15.955977348142039,0,100,125
collaborative,432,branch,global,89.82579439200052,16.075690453621725,0,100,127
collaborative,432,branch,small,80,20,60,100,2
collaborative,432,branch,large,89.98300710227254,15.95597734814205,0,100,125
collaborative,434,branch,global,89.8257943920005,16.07569045362173,0,100,127
collaborative,434,branch,small,80,20,60,100,2
collaborative,434,branch,large,89.98300710227252,15.955977348142046,0,100,125
collaborative,436,branch,global,89.82579439200052,16.075690453621718,0,100,127
collaborative,436,branch,small,80,20,60,100,2
collaborative,436,branch,large,89.98300710227254,15.955977348142047,0,100,125
collaborative,438,branch,global,89.82579439200049,16.07569045362172,0,100,127
collaborative,438,branch,small,80,20,60,100,2
collaborative,438,branch,large,89.98300710227251,15.955977348142046,0,100,125
collaborative,440,branch,global,89.82579439200049,16.075690453621725,0,100,127
collaborative,440,branch,small,80,20,60,100,2
collaborative,440,branch,large,89.98300710227251,15.95597734814204,0,100,125
collaborative,442,branch,global,89.82579439200052,16.075690453621718,0,100,127
collaborative,442,branch,small,80,20,60,100,2
collaborative,442,branch,large,89.98300710227252,15.955977348142046,0,100,125
collaborative,444,branch,global,89.8257943920005,16.07569045362172,0,100,127
collaborative,444,branch,small,80,20,60,100,2
collaborative,444,branch,large,89.98300710227252,15.955977348142047,0,100,125
collaborative,446,branch,global,89.82579439200052,16.075690453621725,0,100,127
collaborative,446,branch,small,80,20,60,100,2
collaborative,446,branch,large,89.98300710227254,15.955977348142047,0,100,125
collaborative,448,branch,global,89.82579439200052,16.075690453621725,0,100,127
collaborative,448,branch,small,80,20,60,100,2
collaborative,448,branch,large,89.98300710227252,15.955977348142046,0,100,125
collaborative,450,branch,global,89.87078876770352,16.091656630682333,0,100,127
collaborative,450,branch,small,80,20,60,100,2
collaborative,450,branch,large,90.02872138798678,15.97186944232904,0,100,125
collaborative,452,branch,global,89.87078876770354,16.09165663068234,0,100,127
collaborative,452,branch,small,80,20,60,100,2
collaborative,452,branch,large,90.0287213879868,15.971869442329037,0,100,125
collaborative,454,branch,global,89.87078876770356,16.091656630682348,0,100,127
collaborative,454,branch,small,80,20,60,100,2
collaborative,454,branch,large,90.0287213879868,15.971869442329032,0,100,125
collaborative,456,branch,global,89.89703548686367,16.105432384469044,0,100,127
collaborative,456,branch,small,80,20,60,100,2
collaborative,456,branch,large,90.05538805465349,15.985706584595444,0,100,125
collaborative,458,branch,global,89.89703548686366,16.105432384469044,0,100,127
collaborative,458,branch,small,80,20,60,100,2
collaborative,458,branch,large,90.05538805465348,15.98570658459544,0,100,125
collaborative,460,branch,global,89.92328220602377,16.108294677762277,0,100,127
collaborative,460,branch,small,80,20,60,100,2
collaborative,460,branch,large,90.08205472132015,15.988371985820638,0,100,125
collaborative,462,branch,global,89.92328220602376,16.108294677762277,0,100,127
collaborative,462,branch,small,80,20,60,100,2
collaborative,462,branch,large,90.08205472132013,15.988371985820633,0,100,125
collaborative,464,branch,global,89.92328220602376,16.108294677762263,0,100,127
collaborative,464,branch,small,80,20,60,100,2
collaborative,464,branch,large,90.08205472132013,15.988371985820635,0,100,125
collaborative,466,branch,global,89.92328220602377,16.10829467776227,0,100,127
collaborative,466,branch,small,80,20,60,100,2
collaborative,466,branch,large,90.08205472132016,15.988371985820642,0,100,125
collaborative,468,branch,global,89.92328220602377,16.108294677762284,0,100,127
collaborative,468,branch,small,80,20,60,100,2
collaborative,468,branch,large,90.08205472132015,15.988371985820637,0,100,125
collaborative,470,branch,global,89.92328220602376,16.108294677762277,0,100,127
collaborative,470,branch,small,80,20,60,100,2
collaborative,470,branch,large,90.08205472132013,15.988371985820633,0,100,125
collaborative,472,branch,global,89.92328220602379,16.108294677762252,0,100,127
collaborative,472,branch,small,80,20,60,100,2
collaborative,472,branch,large,90.08205472132016,15.988371985820642,0,100,125
collaborative,474,branch,global,90.01531615632543,16.137958146624985,0,100,127
collaborative,474,branch,small,80,20,60,100,2
collaborative,474,branch,large,90.17556121482664,16.017804120114032,0,100,125
collaborative,476,branch,global,90.01531615632543,16.137958146624985,0,100,127
collaborative,476,branch,small,80,20,60,100,2
collaborative,476,branch,large,90.17556121482666,16.017804120114032,0,100,125
collaborative,478,branch,global,90.01531615632541,16.137958146624978,0,100,127
collaborative,478,branch,small,80,20,60,100,2
collaborative,478,branch,large,90.17556121482663,16.017804120114043,0,100,125
collaborative,480,branch,global,90.01531615632544,16.13795814662498,0,100,127
collaborative,480,branch,small,80,20,60,100,2
collaborative,480,branch,large,90.17556121482666,16.017804120114036,0,100,125
collaborative,482,branch,global,90.01531615632541,16.137958146624978,0,100,127
collaborative,482,branch,small,80,20,60,100,2
collaborative,482,branch,large,90.17556121482663,16.017804120114043,0,100,125
collaborative,484,branch,global,90.01531615632543,16.13795814662498,0,100,127
collaborative,484,branch,small,80,20,60,100,2
collaborative,484,branch,large,90.17556121482666,16.017804120114032,0,100,125
collaborative,486,branch,global,90.0528114694113,16.150044789950737,0,100,127
collaborative,486,branch,small,80,20,60,100,2
collaborative,486,branch,large,90.21365645292187,16.029794585743762,0,100,125
collaborative,488,branch,global,90.0528114694113,16.150044789950734,0,100,127
collaborative,488,branch,small,80,20,60,100,2
collaborative,488,branch,large,90.21365645292187,16.029794585743765,0,100,125
collaborative,490,branch,global,90.0528114694113,16.150044789950734,0,100,127
collaborative,490,branch,small,80,20,60,100,2
collaborative,490,branch,large,90.21365645292187,16.029794585743765,0,100,125
collaborative,492,branch,global,90.05281146941131,16.150044789950734,0,100,127
collaborative,492,branch,small,80,20,60,100,2
collaborative,492,branch,large,90.21365645292187,16.029794585743765,0,100,125
collaborative,494,branch,global,90.05281146941128,16.150044789950737,0,100,127
collaborative,494,branch,small,80,20,60,100,2
collaborative,494,branch,large,90.21365645292187,16.029794585743762,0,100,125
collaborative,496,branch,global,90.05281146941131,16.150044789950734,0,100,127
collaborative,496,branch,small,80,20,60,100,2
collaborative,496,branch,large,90.21365645292188,16.029794585743765,0,100,125
collaborative,498,branch,global,90.05281146941131,16.150044789950723,0,100,127
collaborative,498,branch,small,80,20,60,100,2
collaborative,498,branch,large,90.21365645292187,16.02979458574377,0,100,125
collaborative,500,branch,global,90.05281146941131,16.15004478995074,0,100,127
collaborative,500,branch,small,80,20,60,100,2
collaborative,500,branch,large,90.21365645292188,16.029794585743765,0,100,125
collaborative,502,branch,global,90.05281146941131,16.15004478995074,0,100,127
collaborative,502,branch,small,80,20,60,100,2
collaborative,502,branch,large,90.21365645292188,16.029794585743765,0,100,125
collaborative,504,branch,global,90.07905818857142,16.158061541012177,0,100,127
collaborative,504,branch,small,80,20,60,100,2
collaborative,504,branch,large,90.24032311958857,16.03773285118172,0,100,125
collaborative,506,branch,global,90.0790581885714,16.158061541012177,0,100,127
collaborative,506,branch,small,80,20,60,100,2
collaborative,506,branch,large,90.24032311958852,16.037732851181715,0,100,125
collaborative,508,branch,global,90.07905818857141,16.158061541012177,0,100,127
collaborative,508,branch,small,80,20,60,100,2
collaborative,508,branch,large,90.24032311958855,16.037732851181715,0,100,125
collaborative,510,branch,global,90.07905818857142,16.158061541012177,0,100,127
collaborative,510,branch,small,80,20,60,100,2
collaborative,510,branch,large,90.24032311958857,16.037732851181712,0,100,125
collaborative,512,branch,global,90.07905818857141,16.158061541012177,0,100,127
collaborative,512,branch,small,80,20,60,100,2
collaborative,512,branch,large,90.24032311958855,16.037732851181712,0,100,125
collaborative,514,branch,global,90.08080796984872,16.155826737738074,0,100,127
collaborative,514,branch,small,80,20,60,100,2
collaborative,514,branch,large,90.2421008973663,16.035427370152092,0,100,125
collaborative,516,branch,global,90.08080796984875,16.155826737738074,0,100,127
collaborative,516,branch,small,80,20,60,100,2
collaborative,516,branch,large,90.24210089736633,16.035427370152092,0,100,125
collaborative,518,branch,global,90.08080796984875,16.155826737738096,0,100,127
collaborative,518,branch,small,80,20,60,100,2
collaborative,518,branch,large,90.24210089736633,16.035427370152114,0,100,125
collaborative,520,branch,global,90.08080796984872,16.155826737738074,0,100,127
collaborative,520,branch,small,80,20,60,100,2
collaborative,520,branch,large,90.2421008973663,16.035427370152092,0,100,125
collaborative,522,branch,global,90.08080796984873,16.15582673773808,0,100,127
collaborative,522,branch,small,80,20,60,100,2
collaborative,522,branch,large,90.24210089736631,16.0354273701521,0,100,125
collaborative,524,branch,global,90.08080796984875,16.155826737738085,0,100,127
collaborative,524,branch,small,80,20,60,100,2
collaborative,524,branch,large,90.24210089736634,16.035427370152103,0,100,125
collaborative,526,branch,global,90.08080796984873,16.15582673773808,0,100,127
collaborative,526,branch,small,80,20,60,100,2
collaborative,526,branch,large,90.2421008973663,16.035427370152096,0,100,125
collaborative,528,branch,global,90.08080796984875,16.155826737738085,0,100,127
collaborative,528,branch,small,80,20,60,100,2
collaborative,528,branch,large,90.24210089736633,16.035427370152103,0,100,125
collaborative,530,branch,global,90.08080796984873,16.15582673773808,0,100,127
collaborative,530,branch,small,80,20,60,100,2
collaborative,530,branch,large,90.24210089736631,16.0354273701521,0,100,125
collaborative,532,branch,global,90.08080796984876,16.155826737738085,0,100,127
collaborative,532,branch,small,80,20,60,100,2
collaborative,532,branch,large,90.24210089736634,16.035427370152103,0,100,125
collaborative,534,branch,global,90.09955562639169,16.160418402024774,0,100,127
collaborative,534,branch,small,80,20,60,100,2
collaborative,534,branch,large,90.26114851641395,16.039935793251846,0,100,125
collaborative,536,branch,global,90.09955562639166,16.160418402024778,0,100,127
collaborative,536,branch,small,80,20,60,100,2
collaborative,536,branch,large,90.26114851641393,16.039935793251843,0,100,125
collaborative,538,branch,global,90.09955562639166,16.160418402024778,0,100,127
collaborative,538,branch,small,80,20,60,100,2
collaborative,538,branch,large,90.26114851641393,16.039935793251843,0,100,125
collaborative,540,branch,global,90.09955562639166,16.16041840202477,0,100,127
collaborative,540,branch,small,80,20,60,100,2
collaborative,540,branch,large,90.26114851641393,16.039935793251843,0,100,125
collaborative,542,branch,global,90.09955562639168,16.16041840202477,0,100,127
collaborative,542,branch,small,80,20,60,100,2
collaborative,542,branch,large,90.26114851641394,16.039935793251846,0,100,125
collaborative,544,branch,global,90.09955562639168,16.160418402024774,0,100,127
collaborative,544,branch,small,80,20,60,100,2
collaborative,544,branch,large,90.26114851641394,16.039935793251846,0,100,125
collaborative,546,branch,global,90.09955562639168,16.16041840202477,0,100,127
collaborative,546,branch,small,80,20,60,100,2
collaborative,546,branch,large,90.26114851641394,16.039935793251846,0,100,125
collaborative,548,branch,global,90.09955562639165,16.160418402024774,0,100,127
collaborative,548,branch,small,80,20,60,100,2
collaborative,548,branch,large,90.26114851641391,16.039935793251836,0,100,125
collaborative,550,branch,global,90.09955562639165,16.16041840202477,0,100,127
collaborative,550,branch,small,80,20,60,100,2
collaborative,550,branch,large,90.26114851641391,16.03993579325184,0,100,125
collaborative,552,branch,global,90.09955562639168,16.16041840202478,0,100,127
collaborative,552,branch,small,80,20,60,100,2
collaborative,552,branch,large,90.26114851641394,16.039935793251846,0,100,125
collaborative,554,branch,global,90.09955562639166,16.160418402024774,0,100,127
collaborative,554,branch,small,80,20,60,100,2
collaborative,554,branch,large,90.26114851641394,16.039935793251846,0,100,125
collaborative,556,branch,global,90.09955562639165,16.16041840202477,0,100,127
collaborative,556,branch,small,80,20,60,100,2
collaborative,556,branch,large,90.26114851641391,16.03993579325184,0,100,125
collaborative,558,branch,global,90.09955562639166,16.160418402024778,0,100,127
collaborative,558,branch,small,80,20,60,100,2
collaborative,558,branch,large,90.26114851641393,16.039935793251843,0,100,125
collaborative,560,branch,global,90.09955562639166,16.160418402024774,0,100,127
collaborative,560,branch,small,80,20,60,100,2
collaborative,560,branch,large,90.26114851641393,16.039935793251843,0,100,125
collaborative,562,branch,global,90.09955562639168,16.160418402024785,0,100,127
collaborative,562,branch,small,80,20,60,100,2
collaborative,562,branch,large,90.26114851641394,16.039935793251846,0,100,125
collaborative,564,branch,global,90.09955562639166,16.160418402024774,0,100,127
collaborative,564,branch,small,80,20,60,100,2
collaborative,564,branch,large,90.26114851641393,16.039935793251843,0,100,125
collaborative,566,branch,global,90.09955562639168,16.160418402024785,0,100,127
collaborative,566,branch,small,80,20,60,100,2
collaborative,566,branch,large,90.26114851641394,16.039935793251846,0,100,125
collaborative,568,branch,global,90.09955562639165,16.160418402024767,0,100,127
collaborative,568,branch,small,80,20,60,100,2
collaborative,568,branch,large,90.26114851641391,16.03993579325184,0,100,125
collaborative,570,branch,global,90.15204906471187,16.170833979378912,0,100,127
collaborative,570,branch,small,80,20,60,100,2
collaborative,570,branch,large,90.31448184974725,16.05005905038989,0,100,125
collaborative,572,branch,global,90.15204906471187,16.170833979378894,0,100,127
collaborative,572,branch,small,80,20,60,100,2
collaborative,572,branch,large,90.31448184974725,16.050059050389876,0,100,125
collaborative,574,branch,global,90.1707967212548,16.178098166506857,0,100,127
collaborative,574,branch,small,80,20,60,100,2
collaborative,574,branch,large,90.33352946879488,16.057302089935646,0,100,125
collaborative,576,branch,global,90.17079672125482,16.17809816650686,0,100,127
collaborative,576,branch,small,80,20,60,100,2
collaborative,576,branch,large,90.3335294687949,16.057302089935654,0,100,125
collaborative,578,branch,global,90.1707967212548,16.178098166506853,0,100,127
collaborative,578,branch,small,80,20,60,100,2
collaborative,578,branch,large,90.33352946879488,16.05730208993566,0,100,125
collaborative,580,branch,global,90.17079672125482,16.178098166506857,0,100,127
collaborative,580,branch,small,80,20,60,100,2
collaborative,580,branch,large,90.3335294687949,16.05730208993567,0,100,125
collaborative,582,branch,global,90.17079672125482,16.17809816650686,0,100,127
collaborative,582,branch,small,80,20,60,100,2
collaborative,582,branch,large,90.3335294687949,16.057302089935646,0,100,125
collaborative,584,branch,global,90.1707967212548,16.178098166506857,0,100,127
collaborative,584,branch,small,80,20,60,100,2
collaborative,584,branch,large,90.33352946879488,16.057302089935657,0,100,125
collaborative,586,branch,global,90.17079672125483,16.17809816650686,0,100,127
collaborative,586,branch,small,80,20,60,100,2
collaborative,586,branch,large,90.33352946879491,16.057302089935636,0,100,125
collaborative,588,branch,global,90.17079672125482,16.17809816650686,0,100,127
collaborative,588,branch,small,80,20,60,100,2
collaborative,588,branch,large,90.3335294687949,16.057302089935654,0,100,125
collaborative,590,branch,global,90.17079672125482,16.17809816650686,0,100,127
collaborative,590,branch,small,80,20,60,100,2
collaborative,590,branch,large,90.3335294687949,16.057302089935654,0,100,125
collaborative,592,branch,global,90.18954437779774,16.188095026510844,0,100,127
collaborative,592,branch,small,80,20,60,100,2
collaborative,592,branch,large,90.3525770878425,16.067342114306395,0,100,125
collaborative,594,branch,global,90.18954437779773,16.18809502651084,0,100,127
collaborative,594,branch,small,80,20,60,100,2
collaborative,594,branch,large,90.35257708784249,16.067342114306395,0,100,125
collaborative,596,branch,global,90.18954437779773,16.18809502651084,0,100,127
collaborative,596,branch,small,80,20,60,100,2
collaborative,596,branch,large,90.35257708784249,16.067342114306392,0,100,125
collaborative,598,branch,global,90.18954437779773,16.18809502651084,0,100,127
collaborative,598,branch,small,80,20,60,100,2
collaborative,598,branch,large,90.35257708784249,16.067342114306395,0,100,125
collaborative,600,branch,global,90.1929246370835,16.186154055954155,0,100,127
collaborative,600,branch,small,80,20,60,100,2
collaborative,600,branch,large,90.35601143127683,16.065320406020348,0,100,125
confuzzius,2,code,global,81.35878882778837,19.730627479742125,33.30029732408325,99.86684420772303,123
confuzzius,2,code,large,81.35878882778837,19.730627479742125,33.30029732408325,99.86684420772303,123
confuzzius,4,code,global,82.21412710072752,19.365916718441788,33.30029732408325,99.86684420772303,123
confuzzius,4,code,large,82.21412710072752,19.365916718441788,33.30029732408325,99.86684420772303,123
confuzzius,6,code,global,82.59963173331928,19.386109795976154,33.506686478454675,99.86684420772303,124
confuzzius,6,code,small,61.74863387978142,0,61.74863387978142,61.74863387978142,1
confuzzius,6,code,large,82.76915204107164,19.373004559320854,33.506686478454675,99.86684420772303,123
confuzzius,8,code,global,83.20474600972526,19.072324630606147,33.522504892367905,99.86684420772303,125
confuzzius,8,code,small,78.300787528126,16.55215364834458,61.74863387978142,94.85294117647058,2
confuzzius,8,code,large,83.2844851720277,19.100157190526147,33.522504892367905,99.86684420772303,123
confuzzius,10,code,global,83.57085859608276,18.98696006631358,33.522504892367905,99.86684420772303,125
confuzzius,10,code,small,78.300787528126,16.55215364834458,61.74863387978142,94.85294117647058,2
confuzzius,10,code,large,83.65655080856986,19.01190972110722,33.522504892367905,99.86684420772303,123
confuzzius,12,code,global,83.93014294372537,18.67503963861223,33.522504892367905,99.86684420772303,125
confuzzius,12,code,small,78.300787528126,16.55215364834458,61.74863387978142,94.85294117647058,2
confuzzius,12,code,large,84.02167717812534,18.693566730643994,33.522504892367905,99.86684420772303,123
confuzzius,14,code,global,84.09194911680677,18.64372218405839,33.522504892367905,99.86684420772303,125
confuzzius,14,code,small,78.300787528126,16.55215364834458,61.74863387978142,94.85294117647058,2
confuzzius,14,code,large,84.18611434589101,18.66095305375113,33.522504892367905,99.86684420772303,123
confuzzius,16,code,global,84.42948738851427,18.577832572200144,33.522504892367905,99.86684420772303,125
confuzzius,16,code,small,78.300787528126,16.55215364834458,61.74863387978142,94.85294117647058,2
confuzzius,16,code,large,84.52914104478074,18.592264298711132,33.522504892367905,99.86684420772303,123
confuzzius,18,code,global,84.76155740262492,18.556797780842423,33.522504892367905,99.86684420772303,125
confuzzius,18,code,small,78.300787528126,16.55215364834458,61.74863387978142,94.85294117647058,2
confuzzius,18,code,large,84.86661057131596,18.56904383943826,33.522504892367905,99.86684420772303,123
confuzzius,20,code,global,85.05546045537525,18.63630353325855,33.522504892367905,99.86684420772303,125
confuzzius,20,code,small,80.50666988106718,18.75803600128576,61.74863387978142,99.26470588235294,2
confuzzius,20,code,large,85.12942452975425,18.62514090265259,33.522504892367905,99.86684420772303,123
confuzzius,22,code,global,85.65845857091905,18.353516873975533,33.522504892367905,99.86684420772303,125
confuzzius,22,code,small,80.50666988106718,18.75803600128576,61.74863387978142,99.26470588235294,2
confuzzius,22,code,large,85.74222749270527,18.334909371248816,33.522504892367905,99.86684420772303,123
confuzzius,24,code,global,85.90717964174638,18.305395599883596,33.522504892367905,99.86684420772303,125
confuzzius,24,code,small,80.50666988106718,18.75803600128576,61.74863387978142,99.26470588235294,2
confuzzius,24,code,large,85.99499280858669,18.284768906191776,33.522504892367905,99.86684420772303,123
confuzzius,26,code,global,85.93870927742455,18.279545762509137,33.522504892367905,99.86684420772303,125
confuzzius,26,code,small,80.50666988106718,18.75803600128576,61.74863387978142,99.26470588235294,2
confuzzius,26,code,large,86.02703512126777,18.258314209993166,33.522504892367905,99.86684420772303,123
confuzzius,28,code,global,86.15268985020677,18.321196265698497,33.522504892367905,99.86684420772303,125
confuzzius,28,code,small,80.50666988106718,18.75803600128576,61.74863387978142,99.26470588235294,2
confuzzius,28,code,large,86.24449505295702,18.299620035934918,33.522504892367905,99.86684420772303,123
confuzzius,30,code,global,86.34733529726877,18.309538191321835,33.522504892367905,99.86684420772303,125
confuzzius,30,code,small,80.50666988106718,18.75803600128576,61.74863387978142,99.26470588235294,2
confuzzius,30,code,large,86.4423054666379,18.28674819964265,33.522504892367905,99.86684420772303,123
confuzzius,32,code,global,86.63920621112618,18.3180369721343,33.522504892367905,99.86684420772303,125
confuzzius,32,code,small,80.50666988106718,18.75803600128576,61.74863387978142,99.26470588235294,2
confuzzius,32,code,large,86.7389222490133,18.29381764081641,33.522504892367905,99.86684420772303,123
confuzzius,34,code,global,86.69176050907657,18.346217582302376,33.522504892367905,99.86684420772303,125
confuzzius,34,code,small,80.50666988106718,18.75803600128576,61.74863387978142,99.26470588235294,2
confuzzius,34,code,large,86.79233108839378,18.32220205670962,33.522504892367905,99.86684420772303,123
confuzzius,36,code,global,86.71604622336235,18.35849549728635,33.522504892367905,99.86684420772303,125
confuzzius,36,code,small,80.50666988106718,18.75803600128576,61.74863387978142,99.26470588235294,2
confuzzius,36,code,large,86.81701169234279,18.334560242447644,33.522504892367905,99.86684420772303,123
confuzzius,38,code,global,86.76645025145639,18.357027475247428,33.522504892367905,99.86684420772303,125
confuzzius,38,code,small,80.50666988106718,18.75803600128576,61.74863387978142,99.26470588235294,2
confuzzius,38,code,large,86.86823529812938,18.33278315108906,33.522504892367905,99.86684420772303,123
confuzzius,40,code,global,86.9605862107008,18.370076521122858,33.522504892367905,99.86684420772303,125
confuzzius,40,code,small,80.50666988106718,18.75803600128576,61.74863387978142,99.26470588235294,2
confuzzius,40,code,large,87.06552793963793,18.344950226170255,33.522504892367905,99.86684420772303,123
confuzzius,42,code,global,86.96086636099527,18.370273094754033,33.522504892367905,99.86807387862797,125
confuzzius,42,code,small,80.50666988106718,18.75803600128576,61.74863387978142,99.26470588235294,2
confuzzius,42,code,large,87.06581264522175,18.345148641049338,33.522504892367905,99.86807387862797,123
confuzzius,44,code,global,86.99919674795737,18.36074132735678,33.522504892367905,99.86807387862797,125
confuzzius,44,code,small,80.50666988106718,18.75803600128576,61.74863387978142,99.26470588235294,2
confuzzius,44,code,large,87.10476629050844,18.3352249494771,33.522504892367905,99.86807387862797,123
confuzzius,46,code,global,87.0140459358924,18.35041826688455,33.522504892367905,99.86807387862797,125
confuzzius,46,code,small,80.50666988106718,18.75803600128576,61.74863387978142,99.26470588235294,2
confuzzius,46,code,large,87.11985692865377,18.324632340696937,33.522504892367905,99.86807387862797,123
confuzzius,48,code,global,87.02440947915915,18.357202912047548,33.522504892367905,99.86807387862797,125
confuzzius,48,code,small,80.50666988106718,18.75803600128576,61.74863387978142,99.26470588235294,2
confuzzius,48,code,large,87.13038898481916,18.331476142982698,33.522504892367905,99.86807387862797,123
confuzzius,50,code,global,87.08090061098821,18.382186822227254,33.522504892367905,99.86807387862797,125
confuzzius,50,code,small,80.50666988106718,18.75803600128576,61.74863387978142,99.26470588235294,2
confuzzius,50,code,large,87.18779867163731,18.35656871691741,33.522504892367905,99.86807387862797,123
confuzzius,52,code,global,87.13268797142015,18.370240451676665,33.522504892367905,99.86807387862797,125
confuzzius,52,code,small,80.50666988106718,18.75803600128576,61.74863387978142,99.26470588235294,2
confuzzius,52,code,large,87.2404281029706,18.344103180633457,33.522504892367905,99.86807387862797,123
confuzzius,54,code,global,87.17856939623171,18.3912616391934,33.522504892367905,99.86807387862797,125
confuzzius,54,code,small,80.50666988106718,18.75803600128576,61.74863387978142,99.26470588235294,2
confuzzius,54,code,large,87.28705556720999,18.365221894091388,33.522504892367905,99.86807387862797,123
confuzzius,56,code,global,87.23085813135144,18.333473834700992,33.522504892367905,99.86807387862797,125
confuzzius,56,code,small,81.1897299903568,18.074975891996143,63.114754098360656,99.26470588235294,2
confuzzius,56,code,large,87.32908785722128,18.32119614216735,33.522504892367905,99.86807387862797,123
confuzzius,58,code,global,87.23085813135147,18.333473834700982,33.522504892367905,99.86807387862797,125
confuzzius,58,code,small,81.1897299903568,18.074975891996143,63.114754098360656,99.26470588235294,2
confuzzius,58,code,large,87.32908785722131,18.321196142167356,33.522504892367905,99.86807387862797,123
confuzzius,60,code,global,87.24385117079461,18.34177696733915,33.522504892367905,99.86807387862797,125
confuzzius,60,code,small,81.1897299903568,18.074975891996143,63.114754098360656,99.26470588235294,2
confuzzius,60,code,large,87.34229216559848,18.329569067138465,33.522504892367905,99.86807387862797,123
confuzzius,62,code,global,87.24385117079461,18.341776967339143,33.522504892367905,99.86807387862797,125
confuzzius,62,code,small,81.1897299903568,18.074975891996143,63.114754098360656,99.26470588235294,2
confuzzius,62,code,large,87.3422921655985,18.32956906713847,33.522504892367905,99.86807387862797,123
confuzzius,64,code,global,87.28123498015742,18.364503761207963,33.522504892367905,99.86807387862797,125
confuzzius,64,code,small,81.1897299903568,18.074975891996143,63.114754098360656,99.26470588235294,2
confuzzius,64,code,large,87.3802838417802,18.35247612125326,33.522504892367905,99.86807387862797,123
confuzzius,66,code,global,87.2956679698482,18.372163000334588,33.522504892367905,99.86807387862797,125
confuzzius,66,code,small,81.1897299903568,18.074975891996143,63.114754098360656,99.26470588235294,2
confuzzius,66,code,large,87.39495151423017,18.360185751340378,33.522504892367905,99.86807387862797,123
confuzzius,68,code,global,87.34546781429057,18.35166669549724,33.522504892367905,99.86807387862797,125
confuzzius,68,code,small,81.1897299903568,18.074975891996143,63.114754098360656,99.26470588235294,2
confuzzius,68,code,large,87.44556111224074,18.339067276270782,33.522504892367905,99.86807387862797,123
confuzzius,70,code,global,87.37781569244339,18.327963442252578,33.522504892367905,99.86807387862797,125
confuzzius,70,code,small,81.1897299903568,18.074975891996143,63.114754098360656,99.26470588235294,2
confuzzius,70,code,large,87.47843497215212,18.31478164726733,33.522504892367905,99.86807387862797,123
confuzzius,72,code,global,87.39731902375777,18.293777975371132,33.522504892367905,99.86807387862797,125
confuzzius,72,code,small,81.1897299903568,18.074975891996143,63.114754098360656,99.26470588235294,2
confuzzius,72,code,large,87.49825543080497,18.27990546817972,33.522504892367905,99.86807387862797,123
confuzzius,74,code,global,87.39731902375776,18.293777975371132,33.522504892367905,99.86807387862797,125
confuzzius,74,code,small,81.1897299903568,18.074975891996143,63.114754098360656,99.26470588235294,2
confuzzius,74,code,large,87.49825543080493,18.279905468179713,33.522504892367905,99.86807387862797,123
confuzzius,76,code,global,87.66048143337356,18.192958904808073,33.522504892367905,99.86807387862797,125
confuzzius,76,code,small,81.1897299903568,18.074975891996143,63.114754098360656,99.26470588235294,2
confuzzius,76,code,large,87.76569690399172,18.175847641794558,33.522504892367905,99.86807387862797,123
confuzzius,78,code,global,87.66048143337356,18.192958904808073,33.522504892367905,99.86807387862797,125
confuzzius,78,code,small,81.1897299903568,18.074975891996143,63.114754098360656,99.26470588235294,2
confuzzius,78,code,large,87.76569690399171,18.175847641794554,33.522504892367905,99.86807387862797,123
confuzzius,80,code,global,87.66791177393081,18.192243797414815,33.522504892367905,99.86807387862797,125
confuzzius,80,code,small,81.1897299903568,18.074975891996143,63.114754098360656,99.26470588235294,2
confuzzius,80,code,large,87.77324806309463,18.175076483523764,33.522504892367905,99.86807387862797,123
confuzzius,82,code,global,87.69804189615076,18.210330657745438,33.522504892367905,99.86807387862797,125
confuzzius,82,code,small,81.1897299903568,18.074975891996143,63.114754098360656,99.26470588235294,2
confuzzius,82,code,large,87.80386810600106,18.193296938232297,33.522504892367905,99.86807387862797,123
confuzzius,84,code,global,87.69804189615077,18.210330657745434,33.522504892367905,99.86807387862797,125
confuzzius,84,code,small,81.1897299903568,18.074975891996143,63.114754098360656,99.26470588235294,2
confuzzius,84,code,large,87.80386810600109,18.1932969382323,33.522504892367905,99.86807387862797,123
confuzzius,86,code,global,87.72652757978864,18.217807134575033,33.522504892367905,99.86807387862797,125
confuzzius,86,code,small,81.1897299903568,18.074975891996143,63.114754098360656,99.26470588235294,2
confuzzius,86,code,large,87.83281697148672,18.200733381576548,33.522504892367905,99.86807387862797,123
confuzzius,88,code,global,87.82314593727658,18.181918219070223,33.522504892367905,99.86807387862797,125
confuzzius,88,code,small,81.1897299903568,18.074975891996143,63.114754098360656,99.26470588235294,2
confuzzius,88,code,large,87.93100635917772,18.163647219413793,33.522504892367905,99.86807387862797,123
confuzzius,90,code,global,87.82314593727658,18.181918219070223,33.522504892367905,99.86807387862797,125
confuzzius,90,code,small,81.1897299903568,18.074975891996143,63.114754098360656,99.26470588235294,2
confuzzius,90,code,large,87.93100635917772,18.163647219413793,33.522504892367905,99.86807387862797,123
confuzzius,92,code,global,87.83513737196606,18.18831998215063,33.522504892367905,99.86807387862797,125
confuzzius,92,code,small,81.1897299903568,18.074975891996143,63.114754098360656,99.26470588235294,2
confuzzius,92,code,large,87.94319277654509,18.170087193848598,33.522504892367905,99.86807387862797,123
confuzzius,94,code,global,87.8642422790791,18.20261187294886,33.522504892367905,99.86807387862797,125
confuzzius,94,code,small,81.1897299903568,18.074975891996143,63.114754098360656,99.26470588235294,2
confuzzius,94,code,large,87.97277093418026,18.18444980008012,33.522504892367905,99.86807387862797,123
confuzzius,96,code,global,87.96950890754201,18.23117106350337,33.522504892367905,99.86807387862797,125
confuzzius,96,code,small,81.1897299903568,18.074975891996143,63.114754098360656,99.26470588235294,2
confuzzius,96,code,large,88.07974921513852,18.212859450602316,33.522504892367905,99.86807387862797,123
confuzzius,98,code,global,87.97057085444466,18.230228687079585,33.522504892367905,99.86807387862797,125
confuzzius,98,code,small,81.1897299903568,18.074975891996143,63.114754098360656,99.26470588235294,2
confuzzius,98,code,large,88.08082842947047,18.211894254423903,33.522504892367905,99.86807387862797,123
confuzzius,100,code,global,87.9826904799627,18.236861356554947,33.522504892367905,99.86807387862797,125
confuzzius,100,code,small,81.1897299903568,18.074975891996143,63.114754098360656,99.26470588235294,2
confuzzius,100,code,large,88.09314512207013,18.21856692931318,33.522504892367905,99.86807387862797,123
confuzzius,102,code,global,87.99132890901724,18.233708033100168,33.522504892367905,99.86807387862797,125
confuzzius,102,code,small,81.1897299903568,18.074975891996143,63.114754098360656,99.26470588235294,2
confuzzius,102,code,large,88.1019240133857,18.215305841754585,33.522504892367905,99.86807387862797,123
confuzzius,104,code,global,88.0208235774271,18.22356552612426,33.522504892367905,99.86807387862797,125
confuzzius,104,code,small,81.1897299903568,18.074975891996143,63.114754098360656,99.26470588235294,2
confuzzius,104,code,large,88.13189826989979,18.204805461186417,33.522504892367905,99.86807387862797,123
confuzzius,106,code,global,88.02082357742712,18.22356552612425,33.522504892367905,99.86807387862797,125
confuzzius,106,code,small,81.1897299903568,18.074975891996143,63.114754098360656,99.26470588235294,2
confuzzius,106,code,large,88.1318982698998,18.20480546118642,33.522504892367905,99.86807387862797,123
confuzzius,108,code,global,88.20829457510688,18.22291211762904,33.522504892367905,99.86807387862797,125
confuzzius,108,code,small,81.1897299903568,18.074975891996143,63.114754098360656,99.26470588235294,2
confuzzius,108,code,large,88.32241757648494,18.202962278333068,33.522504892367905,99.86807387862797,123
confuzzius,110,code,global,88.20829457510695,18.22291211762904,33.522504892367905,99.86807387862797,125
confuzzius,110,code,small,81.1897299903568,18.074975891996143,63.114754098360656,99.26470588235294,2
confuzzius,110,code,large,88.32241757648501,18.202962278333068,33.522504892367905,99.86807387862797,123
confuzzius,112,code,global,88.20829457510698,18.222912117629036,33.522504892367905,99.86807387862797,125
confuzzius,112,code,small,81.1897299903568,18.074975891996143,63.114754098360656,99.26470588235294,2
confuzzius,112,code,large,88.32241757648502,18.202962278333064,33.522504892367905,99.86807387862797,123
confuzzius,114,code,global,88.22028600979642,18.230032127014443,33.522504892367905,99.86807387862797,125
confuzzius,114,code,small,81.1897299903568,18.074975891996143,63.114754098360656,99.26470588235294,2
confuzzius,114,code,large,88.33460399385235,18.210129526811066,33.522504892367905,99.86807387862797,123
confuzzius,116,code,global,88.23457172408214,18.238416002556566,33.522504892367905,99.86807387862797,125
confuzzius,116,code,small,81.1897299903568,18.074975891996143,63.114754098360656,99.26470588235294,2
confuzzius,116,code,large,88.34912199617524,18.218567811397698,33.522504892367905,99.86807387862797,123
confuzzius,118,code,global,88.24521811191475,18.24245044198462,33.522504892367905,99.86807387862797,125
confuzzius,118,code,small,81.1897299903568,18.074975891996143,63.114754098360656,99.26470588235294,2
confuzzius,118,code,large,88.35994149600513,18.222604245452754,33.522504892367905,99.86807387862797,123
confuzzius,120,code,global,88.26166079966187,18.218678996815218,33.522504892367905,99.86807387862797,125
confuzzius,120,code,small,81.1897299903568,18.074975891996143,63.114754098360656,99.26470588235294,2
confuzzius,120,code,large,88.37665154452863,18.198314207127805,33.522504892367905,99.86807387862797,123
confuzzius,122,code,global,88.26166079966181,18.21867899681522,33.522504892367905,99.86807387862797,125
confuzzius,122,code,small,81.1897299903568,18.074975891996143,63.114754098360656,99.26470588235294,2
confuzzius,122,code,large,88.37665154452856,18.198314207127808,33.522504892367905,99.86807387862797,123
confuzzius,124,code,global,88.26166079966187,18.21867899681522,33.522504892367905,99.86807387862797,125
confuzzius,124,code,small,81.1897299903568,18.074975891996143,63.114754098360656,99.26470588235294,2
confuzzius,124,code,large,88.37665154452863,18.198314207127808,33.522504892367905,99.86807387862797,123
confuzzius,126,code,global,88.34433557169828,18.182067374218526,33.522504892367905,99.86807387862797,125
confuzzius,126,code,small,81.1897299903568,18.074975891996143,63.114754098360656,99.26470588235294,2
confuzzius,126,code,large,88.4606706218014,18.160529839482106,33.522504892367905,99.86807387862797,123
confuzzius,128,code,global,88.34433557169835,18.182067374218526,33.522504892367905,99.86807387862797,125
confuzzius,128,code,small,81.1897299903568,18.074975891996143,63.114754098360656,99.26470588235294,2
confuzzius,128,code,large,88.46067062180147,18.160529839482102,33.522504892367905,99.86807387862797,123
confuzzius,130,code,global,88.36562834736381,18.192362183834945,33.522504892367905,99.86807387862797,125
confuzzius,130,code,small,81.1897299903568,18.074975891996143,63.114754098360656,99.26470588235294,2
confuzzius,130,code,large,88.48230962146148,18.170865652068564,33.522504892367905,99.86807387862797,123
confuzzius,132,code,global,88.37562834736376,18.19801757188389,33.522504892367905,99.86807387862797,125
confuzzius,132,code,small,81.1897299903568,18.074975891996143,63.114754098360656,99.26470588235294,2
confuzzius,132,code,large,88.49247222308745,18.176554497776408,33.522504892367905,99.86807387862797,123
confuzzius,134,code,global,88.3756283473637,18.198017571883884,33.522504892367905,99.86807387862797,125
confuzzius,134,code,small,81.1897299903568,18.074975891996143,63.114754098360656,99.26470588235294,2
confuzzius,134,code,large,88.4924722230874,18.176554497776408,33.522504892367905,99.86807387862797,123
confuzzius,136,code,global,88.3756283473638,18.198017571883888,33.522504892367905,99.86807387862797,125
confuzzius,136,code,small,81.1897299903568,18.074975891996143,63.114754098360656,99.26470588235294,2
confuzzius,136,code,large,88.49247222308747,18.176554497776408,33.522504892367905,99.86807387862797,123
confuzzius,138,code,global,88.37562834736376,18.198017571883895,33.522504892367905,99.86807387862797,125
confuzzius,138,code,small,81.1897299903568,18.074975891996143,63.114754098360656,99.26470588235294,2
confuzzius,138,code,large,88.49247222308745,18.17655449777641,33.522504892367905,99.86807387862797,123
confuzzius,140,code,global,88.37562834736376,18.19801757188389,33.522504892367905,99.86807387862797,125
confuzzius,140,code,small,81.1897299903568,18.074975891996143,63.114754098360656,99.26470588235294,2
confuzzius,140,code,large,88.49247222308745,18.176554497776408,33.522504892367905,99.86807387862797,123
confuzzius,142,code,global,88.3756283473638,18.198017571883888,33.522504892367905,99.86807387862797,125
confuzzius,142,code,small,81.1897299903568,18.074975891996143,63.114754098360656,99.26470588235294,2
confuzzius,142,code,large,88.49247222308747,18.176554497776408,33.522504892367905,99.86807387862797,123
confuzzius,144,code,global,88.37562834736377,18.19801757188389,33.522504892367905,99.86807387862797,125
confuzzius,144,code,small,81.1897299903568,18.074975891996143,63.114754098360656,99.26470588235294,2
confuzzius,144,code,large,88.49247222308746,18.17655449777641,33.522504892367905,99.86807387862797,123
confuzzius,146,code,global,88.37562834736379,18.198017571883888,33.522504892367905,99.86807387862797,125
confuzzius,146,code,small,81.1897299903568,18.074975891996143,63.114754098360656,99.26470588235294,2
confuzzius,146,code,large,88.49247222308747,18.176554497776408,33.522504892367905,99.86807387862797,123
confuzzius,148,code,global,88.40756751086187,18.212212982784898,33.522504892367905,99.86807387862797,125
confuzzius,148,code,small,81.1897299903568,18.074975891996143,63.114754098360656,99.26470588235294,2
confuzzius,148,code,large,88.5249307225774,18.190788706975873,33.522504892367905,99.86807387862797,123
confuzzius,150,code,global,88.40756751086181,18.212212982784898,33.522504892367905,99.86807387862797,125
confuzzius,150,code,small,81.1897299903568,18.074975891996143,63.114754098360656,99.26470588235294,2
confuzzius,150,code,large,88.52493072257735,18.190788706975866,33.522504892367905,99.86807387862797,123
confuzzius,152,code,global,88.41560704313297,18.200687883187182,33.522504892367905,99.86807387862797,125
confuzzius,152,code,small,81.1897299903568,18.074975891996143,63.114754098360656,99.26470588235294,2
confuzzius,152,code,large,88.53310097895047,18.179009567416717,33.522504892367905,99.86807387862797,123
confuzzius,154,code,global,88.41676646342283,18.200614902499186,33.522504892367905,99.86807387862797,125
confuzzius,154,code,small,81.1897299903568,18.074975891996143,63.114754098360656,99.26470588235294,2
confuzzius,154,code,large,88.53427925160275,18.17892769559006,33.522504892367905,99.86807387862797,123
confuzzius,156,code,global,88.42875789811228,18.207606333072903,33.522504892367905,99.86807387862797,125
confuzzius,156,code,small,81.1897299903568,18.074975891996143,63.114754098360656,99.26470588235294,2
confuzzius,156,code,large,88.54646566897011,18.185962448237838,33.522504892367905,99.86807387862797,123
confuzzius,158,code,global,88.42875789811235,18.207606333072903,33.522504892367905,99.86807387862797,125
confuzzius,158,code,small,81.1897299903568,18.074975891996143,63.114754098360656,99.26470588235294,2
confuzzius,158,code,large,88.54646566897016,18.18596244823784,33.522504892367905,99.86807387862797,123
confuzzius,160,code,global,88.4287578981123,18.207606333072906,33.522504892367905,99.86807387862797,125
confuzzius,160,code,small,81.1897299903568,18.074975891996143,63.114754098360656,99.26470588235294,2
confuzzius,160,code,large,88.54646566897011,18.185962448237838,33.522504892367905,99.86807387862797,123
confuzzius,162,code,global,88.42875789811235,18.207606333072903,33.522504892367905,99.86807387862797,125
confuzzius,162,code,small,81.1897299903568,18.074975891996143,63.114754098360656,99.26470588235294,2
confuzzius,162,code,large,88.54646566897016,18.185962448237838,33.522504892367905,99.86807387862797,123
confuzzius,164,code,global,88.43342781957276,18.19364316549701,33.522504892367905,99.86807387862797,125
confuzzius,164,code,small,81.1897299903568,18.074975891996143,63.114754098360656,99.26470588235294,2
confuzzius,164,code,large,88.55121152411286,18.171724495793413,33.522504892367905,99.86807387862797,123
confuzzius,166,code,global,88.43355672325539,18.19372365505028,33.522504892367905,99.86807387862797,125
confuzzius,166,code,small,81.1897299903568,18.074975891996143,63.114754098360656,99.26470588235294,2
confuzzius,166,code,large,88.55134252379032,18.171805543676733,33.522504892367905,99.86807387862797,123
confuzzius,168,code,global,88.43355672325542,18.19372365505028,33.522504892367905,99.86807387862797,125
confuzzius,168,code,small,81.1897299903568,18.074975891996143,63.114754098360656,99.26470588235294,2
confuzzius,168,code,large,88.55134252379034,18.17180554367674,33.522504892367905,99.86807387862797,123
confuzzius,170,code,global,88.43514245169945,18.188973809040572,33.522504892367905,99.86807387862797,125
confuzzius,170,code,small,81.1897299903568,18.074975891996143,63.114754098360656,99.26470588235294,2
confuzzius,170,code,large,88.55295403643673,18.166962180948758,33.522504892367905,99.86807387862797,123
confuzzius,172,code,global,88.43514245169939,18.188973809040565,33.522504892367905,99.86807387862797,125
confuzzius,172,code,small,81.1897299903568,18.074975891996143,63.114754098360656,99.26470588235294,2
confuzzius,172,code,large,88.55295403643666,18.166962180948758,33.522504892367905,99.86807387862797,123
confuzzius,174,code,global,88.43514245169938,18.188973809040576,33.522504892367905,99.86807387862797,125
confuzzius,174,code,small,81.1897299903568,18.074975891996143,63.114754098360656,99.26470588235294,2
confuzzius,174,code,large,88.55295403643665,18.166962180948754,33.522504892367905,99.86807387862797,123
confuzzius,176,code,global,88.44924824515024,18.19705620057819,33.522504892367905,99.86807387862797,125
confuzzius,176,code,small,81.1897299903568,18.074975891996143,63.114754098360656,99.26470588235294,2
confuzzius,176,code,large,88.56728919238266,18.17509290019465,33.522504892367905,99.86807387862797,123
confuzzius,178,code,global,88.44924824515024,18.197056200578192,33.522504892367905,99.86807387862797,125
confuzzius,178,code,small,81.1897299903568,18.074975891996143,63.114754098360656,99.26470588235294,2
confuzzius,178,code,large,88.56728919238266,18.175092900194645,33.522504892367905,99.86807387862797,123
confuzzius,180,code,global,88.45959944662894,18.203149601746237,33.522504892367905,99.86807387862797,125
confuzzius,180,code,small,81.1897299903568,18.074975891996143,63.114754098360656,99.26470588235294,2
confuzzius,180,code,large,88.57780870608052,18.181224498674954,33.522504892367905,99.86807387862797,123
confuzzius,182,code,global,88.45959944662897,18.203149601746237,33.522504892367905,99.86807387862797,125
confuzzius,182,code,small,81.1897299903568,18.074975891996143,63.114754098360656,99.26470588235294,2
confuzzius,182,code,large,88.57780870608055,18.181224498674954,33.522504892367905,99.86807387862797,123
confuzzius,184,code,global,88.45959944662901,18.20314960174624,33.522504892367905,99.86807387862797,125
confuzzius,184,code,small,81.1897299903568,18.074975891996143,63.114754098360656,99.26470588235294,2
confuzzius,184,code,large,88.5778087060806,18.18122449867495,33.522504892367905,99.86807387862797,123
confuzzius,186,code,global,88.45959944662899,18.203149601746233,33.522504892367905,99.86807387862797,125
confuzzius,186,code,small,81.1897299903568,18.074975891996143,63.114754098360656,99.26470588235294,2
confuzzius,186,code,large,88.57780870608056,18.181224498674954,33.522504892367905,99.86807387862797,123
confuzzius,188,code,global,88.45959944662893,18.203149601746233,33.522504892367905,99.86807387862797,125
confuzzius,188,code,small,81.1897299903568,18.074975891996143,63.114754098360656,99.26470588235294,2
confuzzius,188,code,large,88.5778087060805,18.181224498674954,33.522504892367905,99.86807387862797,123
confuzzius,190,code,global,88.45959944662893,18.203149601746233,33.522504892367905,99.86807387862797,125
confuzzius,190,code,small,81.1897299903568,18.074975891996143,63.114754098360656,99.26470588235294,2
confuzzius,190,code,large,88.57780870608049,18.181224498674954,33.522504892367905,99.86807387862797,123
confuzzius,192,code,global,88.459599446629,18.203149601746244,33.522504892367905,99.86807387862797,125
confuzzius,192,code,small,81.1897299903568,18.074975891996143,63.114754098360656,99.26470588235294,2
confuzzius,192,code,large,88.57780870608056,18.18122449867495,33.522504892367905,99.86807387862797,123
confuzzius,194,code,global,88.459599446629,18.203149601746244,33.522504892367905,99.86807387862797,125
confuzzius,194,code,small,81.1897299903568,18.074975891996143,63.114754098360656,99.26470588235294,2
confuzzius,194,code,large,88.57780870608059,18.181224498674947,33.522504892367905,99.86807387862797,123
confuzzius,196,code,global,88.459599446629,18.203149601746237,33.522504892367905,99.86807387862797,125
confuzzius,196,code,small,81.1897299903568,18.074975891996143,63.114754098360656,99.26470588235294,2
confuzzius,196,code,large,88.57780870608059,18.181224498674954,33.522504892367905,99.86807387862797,123
confuzzius,198,code,global,88.459599446629,18.20314960174624,33.522504892367905,99.86807387862797,125
confuzzius,198,code,small,81.1897299903568,18.074975891996143,63.114754098360656,99.26470588235294,2
confuzzius,198,code,large,88.57780870608056,18.181224498674954,33.522504892367905,99.86807387862797,123
confuzzius,200,code,global,88.48613973098922,18.216841577428134,33.522504892367905,99.86807387862797,125
confuzzius,200,code,small,81.1897299903568,18.074975891996143,63.114754098360656,99.26470588235294,2
confuzzius,200,code,large,88.60478053978,18.194980240257767,33.522504892367905,99.86807387862797,123
confuzzius,202,code,global,88.48613973098917,18.216841577428134,33.522504892367905,99.86807387862797,125
confuzzius,202,code,small,81.1897299903568,18.074975891996143,63.114754098360656,99.26470588235294,2
confuzzius,202,code,large,88.60478053977994,18.19498024025778,33.522504892367905,99.86807387862797,123
confuzzius,204,code,global,88.48613973098924,18.216841577428134,33.522504892367905,99.86807387862797,125
confuzzius,204,code,small,81.1897299903568,18.074975891996143,63.114754098360656,99.26470588235294,2
confuzzius,204,code,large,88.60478053978001,18.194980240257774,33.522504892367905,99.86807387862797,123
confuzzius,206,code,global,88.48613973098922,18.216841577428134,33.522504892367905,99.86807387862797,125
confuzzius,206,code,small,81.1897299903568,18.074975891996143,63.114754098360656,99.26470588235294,2
confuzzius,206,code,large,88.60478053978,18.19498024025777,33.522504892367905,99.86807387862797,123
confuzzius,208,code,global,88.50057272067995,18.225037421490114,33.522504892367905,99.86807387862797,125
confuzzius,208,code,small,81.1897299903568,18.074975891996143,63.114754098360656,99.26470588235294,2
confuzzius,208,code,large,88.61944821222991,18.203223630562576,33.522504892367905,99.86807387862797,123
confuzzius,210,code,global,88.50057272067991,18.22503742149011,33.522504892367905,99.86807387862797,125
confuzzius,210,code,small,81.1897299903568,18.074975891996143,63.114754098360656,99.26470588235294,2
confuzzius,210,code,large,88.61944821222988,18.20322363056257,33.522504892367905,99.86807387862797,123
confuzzius,212,code,global,88.50057272067986,18.22503742149011,33.522504892367905,99.86807387862797,125
confuzzius,212,code,small,81.1897299903568,18.074975891996143,63.114754098360656,99.26470588235294,2
confuzzius,212,code,large,88.61944821222983,18.203223630562572,33.522504892367905,99.86807387862797,123
confuzzius,214,code,global,88.50057272067994,18.225037421490114,33.522504892367905,99.86807387862797,125
confuzzius,214,code,small,81.1897299903568,18.074975891996143,63.114754098360656,99.26470588235294,2
confuzzius,214,code,large,88.61944821222993,18.20322363056257,33.522504892367905,99.86807387862797,123
confuzzius,216,code,global,88.50057272067984,18.225037421490104,33.522504892367905,99.86807387862797,125
confuzzius,216,code,small,81.1897299903568,18.074975891996143,63.114754098360656,99.26470588235294,2
confuzzius,216,code,large,88.61944821222981,18.203223630562572,33.522504892367905,99.86807387862797,123
confuzzius,218,code,global,88.50081057994652,18.22432686939808,33.522504892367905,99.86807387862797,125
confuzzius,218,code,small,81.1897299903568,18.074975891996143,63.114754098360656,99.26470588235294,2
confuzzius,218,code,large,88.61968993912683,18.20249908050348,33.522504892367905,99.86807387862797,123
confuzzius,220,code,global,88.50081057994647,18.224326869398073,33.522504892367905,99.86807387862797,125
confuzzius,220,code,small,81.1897299903568,18.074975891996143,63.114754098360656,99.26470588235294,2
confuzzius,220,code,large,88.61968993912679,18.202499080503486,33.522504892367905,99.86807387862797,123
confuzzius,222,code,global,88.50081057994652,18.224326869398077,33.522504892367905,99.86807387862797,125
confuzzius,222,code,small,81.1897299903568,18.074975891996143,63.114754098360656,99.26470588235294,2
confuzzius,222,code,large,88.61968993912683,18.20249908050348,33.522504892367905,99.86807387862797,123
confuzzius,224,code,global,88.50081057994653,18.224326869398077,33.522504892367905,99.86807387862797,125
confuzzius,224,code,small,81.1897299903568,18.074975891996143,63.114754098360656,99.26470588235294,2
confuzzius,224,code,large,88.61968993912684,18.20249908050349,33.522504892367905,99.86807387862797,123
confuzzius,226,code,global,88.50081057994656,18.224326869398073,33.522504892367905,99.86807387862797,125
confuzzius,226,code,small,81.1897299903568,18.074975891996143,63.114754098360656,99.26470588235294,2
confuzzius,226,code,large,88.61968993912686,18.202499080503486,33.522504892367905,99.86807387862797,123
confuzzius,228,code,global,88.50081057994653,18.224326869398073,33.522504892367905,99.86807387862797,125
confuzzius,228,code,small,81.1897299903568,18.074975891996143,63.114754098360656,99.26470588235294,2
confuzzius,228,code,large,88.61968993912684,18.202499080503483,33.522504892367905,99.86807387862797,123
confuzzius,230,code,global,88.50081057994643,18.224326869398077,33.522504892367905,99.86807387862797,125
confuzzius,230,code,small,81.1897299903568,18.074975891996143,63.114754098360656,99.26470588235294,2
confuzzius,230,code,large,88.61968993912674,18.202499080503483,33.522504892367905,99.86807387862797,123
confuzzius,232,code,global,88.5008105799465,18.224326869398077,33.522504892367905,99.86807387862797,125
confuzzius,232,code,small,81.1897299903568,18.074975891996143,63.114754098360656,99.26470588235294,2
confuzzius,232,code,large,88.61968993912681,18.202499080503486,33.522504892367905,99.86807387862797,123
confuzzius,234,code,global,88.50081057994646,18.224326869398084,33.522504892367905,99.86807387862797,125
confuzzius,234,code,small,81.1897299903568,18.074975891996143,63.114754098360656,99.26470588235294,2
confuzzius,234,code,large,88.61968993912677,18.202499080503493,33.522504892367905,99.86807387862797,123
confuzzius,236,code,global,88.50081057994656,18.224326869398073,33.522504892367905,99.86807387862797,125
confuzzius,236,code,small,81.1897299903568,18.074975891996143,63.114754098360656,99.26470588235294,2
confuzzius,236,code,large,88.61968993912686,18.20249908050349,33.522504892367905,99.86807387862797,123
confuzzius,238,code,global,88.50081057994652,18.224326869398077,33.522504892367905,99.86807387862797,125
confuzzius,238,code,small,81.1897299903568,18.074975891996143,63.114754098360656,99.26470588235294,2
confuzzius,238,code,large,88.61968993912683,18.20249908050349,33.522504892367905,99.86807387862797,123
confuzzius,240,code,global,88.50081057994657,18.224326869398073,33.522504892367905,99.86807387862797,125
confuzzius,240,code,small,81.1897299903568,18.074975891996143,63.114754098360656,99.26470588235294,2
confuzzius,240,code,large,88.61968993912689,18.202499080503486,33.522504892367905,99.86807387862797,123
confuzzius,242,code,global,88.50081057994652,18.224326869398073,33.522504892367905,99.86807387862797,125
confuzzius,242,code,small,81.1897299903568,18.074975891996143,63.114754098360656,99.26470588235294,2
confuzzius,242,code,large,88.61968993912684,18.20249908050348,33.522504892367905,99.86807387862797,123
confuzzius,244,code,global,88.50081057994656,18.224326869398077,33.522504892367905,99.86807387862797,125
confuzzius,244,code,small,81.1897299903568,18.074975891996143,63.114754098360656,99.26470588235294,2
confuzzius,244,code,large,88.61968993912686,18.202499080503493,33.522504892367905,99.86807387862797,123
confuzzius,246,code,global,88.50081057994652,18.224326869398077,33.522504892367905,99.86807387862797,125
confuzzius,246,code,small,81.1897299903568,18.074975891996143,63.114754098360656,99.26470588235294,2
confuzzius,246,code,large,88.61968993912683,18.20249908050349,33.522504892367905,99.86807387862797,123
confuzzius,248,code,global,88.50782812380623,18.210391295028348,33.522504892367905,99.86807387862797,125
confuzzius,248,code,small,81.1897299903568,18.074975891996143,63.114754098360656,99.26470588235294,2
confuzzius,248,code,large,88.62682158939076,18.188273192117357,33.522504892367905,99.86807387862797,123
confuzzius,250,code,global,88.50782812380614,18.21039129502835,33.522504892367905,99.86807387862797,125
confuzzius,250,code,small,81.1897299903568,18.074975891996143,63.114754098360656,99.26470588235294,2
confuzzius,250,code,large,88.62682158939067,18.188273192117357,33.522504892367905,99.86807387862797,123
confuzzius,252,code,global,88.5269666708668,18.19796854646486,33.522504892367905,99.86807387862797,125
confuzzius,252,code,small,81.1897299903568,18.074975891996143,63.114754098360656,99.26470588235294,2
confuzzius,252,code,large,88.6462713323385,18.175505512475382,33.522504892367905,99.86807387862797,123
confuzzius,254,code,global,88.52696667086688,18.197968546464864,33.522504892367905,99.86807387862797,125
confuzzius,254,code,small,81.1897299903568,18.074975891996143,63.114754098360656,99.26470588235294,2
confuzzius,254,code,large,88.64627133233859,18.175505512475382,33.522504892367905,99.86807387862797,123
confuzzius,256,code,global,88.52696667086681,18.197968546464864,33.522504892367905,99.86807387862797,125
confuzzius,256,code,small,81.1897299903568,18.074975891996143,63.114754098360656,99.26470588235294,2
confuzzius,256,code,large,88.6462713323385,18.175505512475382,33.522504892367905,99.86807387862797,123
confuzzius,258,code,global,88.52696667086687,18.197968546464868,33.522504892367905,99.86807387862797,125
confuzzius,258,code,small,81.1897299903568,18.074975891996143,63.114754098360656,99.26470588235294,2
confuzzius,258,code,large,88.64627133233857,18.175505512475382,33.522504892367905,99.86807387862797,123
confuzzius,260,code,global,88.52696667086688,18.19796854646487,33.522504892367905,99.86807387862797,125
confuzzius,260,code,small,81.1897299903568,18.074975891996143,63.114754098360656,99.26470588235294,2
confuzzius,260,code,large,88.64627133233859,18.175505512475382,33.522504892367905,99.86807387862797,123
confuzzius,262,code,global,88.52696667086686,18.197968546464864,33.522504892367905,99.86807387862797,125
confuzzius,262,code,small,81.1897299903568,18.074975891996143,63.114754098360656,99.26470588235294,2
confuzzius,262,code,large,88.64627133233856,18.17550551247538,33.522504892367905,99.86807387862797,123
confuzzius,264,code,global,88.52696667086684,18.197968546464868,33.522504892367905,99.86807387862797,125
confuzzius,264,code,small,81.1897299903568,18.074975891996143,63.114754098360656,99.26470588235294,2
confuzzius,264,code,large,88.64627133233854,18.17550551247538,33.522504892367905,99.86807387862797,123
confuzzius,266,code,global,88.52696667086691,18.197968546464864,33.522504892367905,99.86807387862797,125
confuzzius,266,code,small,81.1897299903568,18.074975891996143,63.114754098360656,99.26470588235294,2
confuzzius,266,code,large,88.64627133233863,18.175505512475382,33.522504892367905,99.86807387862797,123
confuzzius,268,code,global,88.52696667086688,18.197968546464864,33.522504892367905,99.86807387862797,125
confuzzius,268,code,small,81.1897299903568,18.074975891996143,63.114754098360656,99.26470588235294,2
confuzzius,268,code,large,88.64627133233859,18.175505512475382,33.522504892367905,99.86807387862797,123
confuzzius,270,code,global,88.52696667086683,18.197968546464868,33.522504892367905,99.86807387862797,125
confuzzius,270,code,small,81.1897299903568,18.074975891996143,63.114754098360656,99.26470588235294,2
confuzzius,270,code,large,88.64627133233854,18.17550551247538,33.522504892367905,99.86807387862797,123
confuzzius,272,code,global,88.52720453013346,18.19725698104637,33.522504892367905,99.86807387862797,125
confuzzius,272,code,small,81.1897299903568,18.074975891996143,63.114754098360656,99.26470588235294,2
confuzzius,272,code,large,88.64651305923552,18.174779896108454,33.522504892367905,99.86807387862797,123
confuzzius,274,code,global,88.53176726777608,18.1992034260606,33.522504892367905,99.86807387862797,125
confuzzius,274,code,small,81.1897299903568,18.074975891996143,63.114754098360656,99.26470588235294,2
confuzzius,274,code,large,88.65114998773412,18.17672998965585,33.522504892367905,99.86807387862797,123
confuzzius,276,code,global,88.53176726777602,18.19920342606061,33.522504892367905,99.86807387862797,125
confuzzius,276,code,small,81.1897299903568,18.074975891996143,63.114754098360656,99.26470588235294,2
confuzzius,276,code,large,88.65114998773404,18.176729989655843,33.522504892367905,99.86807387862797,123
confuzzius,278,code,global,88.53176726777603,18.199203426060603,33.522504892367905,99.86807387862797,125
confuzzius,278,code,small,81.1897299903568,18.074975891996143,63.114754098360656,99.26470588235294,2
confuzzius,278,code,large,88.65114998773409,18.176729989655847,33.522504892367905,99.86807387862797,123
confuzzius,280,code,global,88.53176726777603,18.1992034260606,33.522504892367905,99.86807387862797,125
confuzzius,280,code,small,81.1897299903568,18.074975891996143,63.114754098360656,99.26470588235294,2
confuzzius,280,code,large,88.65114998773407,18.176729989655847,33.522504892367905,99.86807387862797,123
confuzzius,282,code,global,88.53176726777599,18.199203426060606,33.522504892367905,99.86807387862797,125
confuzzius,282,code,small,81.1897299903568,18.074975891996143,63.114754098360656,99.26470588235294,2
confuzzius,282,code,large,88.65114998773402,18.176729989655843,33.522504892367905,99.86807387862797,123
confuzzius,284,code,global,88.53176726777609,18.199203426060606,33.522504892367905,99.86807387862797,125
confuzzius,284,code,small,81.1897299903568,18.074975891996143,63.114754098360656,99.26470588235294,2
confuzzius,284,code,large,88.65114998773412,18.17672998965585,33.522504892367905,99.86807387862797,123
confuzzius,286,code,global,88.54649814596301,18.189101588963712,33.522504892367905,99.86807387862797,125
confuzzius,286,code,small,81.1897299903568,18.074975891996143,63.114754098360656,99.26470588235294,2
confuzzius,286,code,large,88.66612039239563,18.16635267008173,33.522504892367905,99.86807387862797,123
confuzzius,288,code,global,88.54649814596297,18.189101588963723,33.522504892367905,99.86807387862797,125
confuzzius,288,code,small,81.1897299903568,18.074975891996143,63.114754098360656,99.26470588235294,2
confuzzius,288,code,large,88.6661203923956,18.166352670081725,33.522504892367905,99.86807387862797,123
confuzzius,290,code,global,88.54649814596294,18.18910158896372,33.522504892367905,99.86807387862797,125
confuzzius,290,code,small,81.1897299903568,18.074975891996143,63.114754098360656,99.26470588235294,2
confuzzius,290,code,large,88.66612039239557,18.166352670081725,33.522504892367905,99.86807387862797,123
confuzzius,292,code,global,88.59082766203247,18.152371917539053,33.522504892367905,99.86807387862797,125
confuzzius,292,code,small,81.1897299903568,18.074975891996143,63.114754098360656,99.26470588235294,2
confuzzius,292,code,large,88.71117071360443,18.128680156183798,33.522504892367905,99.86807387862797,123
confuzzius,294,code,global,88.5908276620325,18.15237191753906,33.522504892367905,99.86807387862797,125
confuzzius,294,code,small,81.1897299903568,18.074975891996143,63.114754098360656,99.26470588235294,2
confuzzius,294,code,large,88.71117071360446,18.1286801561838,33.522504892367905,99.86807387862797,123
confuzzius,296,code,global,88.5908276620325,18.152371917539053,33.522504892367905,99.86807387862797,125
confuzzius,296,code,small,81.1897299903568,18.074975891996143,63.114754098360656,99.26470588235294,2
confuzzius,296,code,large,88.71117071360447,18.1286801561838,33.522504892367905,99.86807387862797,123
confuzzius,298,code,global,88.59082766203244,18.152371917539053,33.522504892367905,99.86807387862797,125
confuzzius,298,code,small,81.1897299903568,18.074975891996143,63.114754098360656,99.26470588235294,2
confuzzius,298,code,large,88.71117071360439,18.1286801561838,33.522504892367905,99.86807387862797,123
confuzzius,300,code,global,88.59082766203242,18.152371917539057,33.522504892367905,99.86807387862797,125
confuzzius,300,code,small,81.1897299903568,18.074975891996143,63.114754098360656,99.26470588235294,2
confuzzius,300,code,large,88.71117071360439,18.128680156183805,33.522504892367905,99.86807387862797,123
confuzzius,302,code,global,88.59082766203245,18.152371917539053,33.522504892367905,99.86807387862797,125
confuzzius,302,code,small,81.1897299903568,18.074975891996143,63.114754098360656,99.26470588235294,2
confuzzius,302,code,large,88.71117071360442,18.1286801561838,33.522504892367905,99.86807387862797,123
confuzzius,304,code,global,88.59082766203252,18.152371917539057,33.522504892367905,99.86807387862797,125
confuzzius,304,code,small,81.1897299903568,18.074975891996143,63.114754098360656,99.26470588235294,2
confuzzius,304,code,large,88.71117071360447,18.128680156183805,33.522504892367905,99.86807387862797,123
confuzzius,306,code,global,88.59082766203244,18.152371917539053,33.522504892367905,99.86807387862797,125
confuzzius,306,code,small,81.1897299903568,18.074975891996143,63.114754098360656,99.26470588235294,2
confuzzius,306,code,large,88.71117071360439,18.1286801561838,33.522504892367905,99.86807387862797,123
confuzzius,308,code,global,88.5908276620325,18.152371917539057,33.522504892367905,99.86807387862797,125
confuzzius,308,code,small,81.1897299903568,18.074975891996143,63.114754098360656,99.26470588235294,2
confuzzius,308,code,large,88.71117071360446,18.128680156183798,33.522504892367905,99.86807387862797,123
confuzzius,310,code,global,88.60009183573565,18.132497389544138,33.522504892367905,99.86807387862797,125
confuzzius,310,code,small,81.1897299903568,18.074975891996143,63.114754098360656,99.26470588235294,2
confuzzius,310,code,large,88.7205855242784,18.108393252654515,33.522504892367905,99.86807387862797,123
confuzzius,312,code,global,88.60009183573565,18.132497389544138,33.522504892367905,99.86807387862797,125
confuzzius,312,code,small,81.1897299903568,18.074975891996143,63.114754098360656,99.26470588235294,2
confuzzius,312,code,large,88.7205855242784,18.108393252654515,33.522504892367905,99.86807387862797,123
confuzzius,314,code,global,88.60009183573575,18.132497389544135,33.522504892367905,99.86807387862797,125
confuzzius,314,code,small,81.1897299903568,18.074975891996143,63.114754098360656,99.26470588235294,2
confuzzius,314,code,large,88.7205855242785,18.1083932526545,33.522504892367905,99.86807387862797,123
confuzzius,316,code,global,88.60009183573568,18.132497389544138,33.522504892367905,99.86807387862797,125
confuzzius,316,code,small,81.1897299903568,18.074975891996143,63.114754098360656,99.26470588235294,2
confuzzius,316,code,large,88.72058552427845,18.108393252654512,33.522504892367905,99.86807387862797,123
confuzzius,318,code,global,88.60009183573577,18.132497389544135,33.522504892367905,99.86807387862797,125
confuzzius,318,code,small,81.1897299903568,18.074975891996143,63.114754098360656,99.26470588235294,2
confuzzius,318,code,large,88.72058552427852,18.10839325265451,33.522504892367905,99.86807387862797,123
confuzzius,320,code,global,88.60009183573572,18.132497389544138,33.522504892367905,99.86807387862797,125
confuzzius,320,code,small,81.1897299903568,18.074975891996143,63.114754098360656,99.26470588235294,2
confuzzius,320,code,large,88.72058552427849,18.10839325265451,33.522504892367905,99.86807387862797,123
confuzzius,322,code,global,88.60009183573565,18.13249738954413,33.522504892367905,99.86807387862797,125
confuzzius,322,code,small,81.1897299903568,18.074975891996143,63.114754098360656,99.26470588235294,2
confuzzius,322,code,large,88.7205855242784,18.108393252654512,33.522504892367905,99.86807387862797,123
confuzzius,324,code,global,88.60009183573575,18.132497389544135,33.522504892367905,99.86807387862797,125
confuzzius,324,code,small,81.1897299903568,18.074975891996143,63.114754098360656,99.26470588235294,2
confuzzius,324,code,large,88.72058552427849,18.108393252654505,33.522504892367905,99.86807387862797,123
confuzzius,326,code,global,88.60009183573568,18.132497389544138,33.522504892367905,99.86807387862797,125
confuzzius,326,code,small,81.1897299903568,18.074975891996143,63.114754098360656,99.26470588235294,2
confuzzius,326,code,large,88.72058552427843,18.108393252654512,33.522504892367905,99.86807387862797,123
confuzzius,328,code,global,88.60009183573564,18.132497389544135,33.522504892367905,99.86807387862797,125
confuzzius,328,code,small,81.1897299903568,18.074975891996143,63.114754098360656,99.26470588235294,2
confuzzius,328,code,large,88.72058552427839,18.108393252654515,33.522504892367905,99.86807387862797,123
confuzzius,330,code,global,88.60009183573571,18.13249738954414,33.522504892367905,99.86807387862797,125
confuzzius,330,code,small,81.1897299903568,18.074975891996143,63.114754098360656,99.26470588235294,2
confuzzius,330,code,large,88.72058552427846,18.10839325265452,33.522504892367905,99.86807387862797,123
confuzzius,332,code,global,88.6290226533458,18.147521046964673,33.522504892367905,99.86807387862797,125
confuzzius,332,code,small,81.1897299903568,18.074975891996143,63.114754098360656,99.26470588235294,2
confuzzius,332,code,large,88.7499867616871,18.12348554621655,33.522504892367905,99.86807387862797,123
confuzzius,334,code,global,88.62902265334574,18.147521046964673,33.522504892367905,99.86807387862797,125
confuzzius,334,code,small,81.1897299903568,18.074975891996143,63.114754098360656,99.26470588235294,2
confuzzius,334,code,large,88.74998676168703,18.12348554621655,33.522504892367905,99.86807387862797,123
confuzzius,336,code,global,88.62902265334574,18.147521046964677,33.522504892367905,99.86807387862797,125
confuzzius,336,code,small,81.1897299903568,18.074975891996143,63.114754098360656,99.26470588235294,2
confuzzius,336,code,large,88.74998676168704,18.123485546216553,33.522504892367905,99.86807387862797,123
confuzzius,338,code,global,88.62902265334583,18.147521046964673,33.522504892367905,99.86807387862797,125
confuzzius,338,code,small,81.1897299903568,18.074975891996143,63.114754098360656,99.26470588235294,2
confuzzius,338,code,large,88.74998676168711,18.12348554621655,33.522504892367905,99.86807387862797,123
confuzzius,340,code,global,88.63018207363567,18.147443476836603,33.522504892367905,99.86807387862797,125
confuzzius,340,code,small,81.1897299903568,18.074975891996143,63.114754098360656,99.26470588235294,2
confuzzius,340,code,large,88.75116503433938,18.123398745277196,33.522504892367905,99.86807387862797,123
confuzzius,342,code,global,88.63018207363564,18.147443476836603,33.522504892367905,99.86807387862797,125
confuzzius,342,code,small,81.1897299903568,18.074975891996143,63.114754098360656,99.26470588235294,2
confuzzius,342,code,large,88.75116503433935,18.123398745277196,33.522504892367905,99.86807387862797,123
confuzzius,344,code,global,88.63018207363562,18.147443476836607,33.522504892367905,99.86807387862797,125
confuzzius,344,code,small,81.1897299903568,18.074975891996143,63.114754098360656,99.26470588235294,2
confuzzius,344,code,large,88.75116503433934,18.123398745277203,33.522504892367905,99.86807387862797,123
confuzzius,346,code,global,88.63018207363564,18.147443476836603,33.522504892367905,99.86807387862797,125
confuzzius,346,code,small,81.1897299903568,18.074975891996143,63.114754098360656,99.26470588235294,2
confuzzius,346,code,large,88.75116503433935,18.123398745277196,33.522504892367905,99.86807387862797,123
confuzzius,348,code,global,88.6301820736357,18.147443476836603,33.522504892367905,99.86807387862797,125
confuzzius,348,code,small,81.1897299903568,18.074975891996143,63.114754098360656,99.26470588235294,2
confuzzius,348,code,large,88.75116503433941,18.123398745277196,33.522504892367905,99.86807387862797,123
confuzzius,350,code,global,88.63018207363557,18.147443476836603,33.522504892367905,99.86807387862797,125
confuzzius,350,code,small,81.1897299903568,18.074975891996143,63.114754098360656,99.26470588235294,2
confuzzius,350,code,large,88.7511650343393,18.123398745277203,33.522504892367905,99.86807387862797,123
confuzzius,352,code,global,88.63018207363564,18.147443476836603,33.522504892367905,99.86807387862797,125
confuzzius,352,code,small,81.1897299903568,18.074975891996143,63.114754098360656,99.26470588235294,2
confuzzius,352,code,large,88.75116503433935,18.123398745277196,33.522504892367905,99.86807387862797,123
confuzzius,354,code,global,88.63018207363564,18.1474434768366,33.522504892367905,99.86807387862797,125
confuzzius,354,code,small,81.1897299903568,18.074975891996143,63.114754098360656,99.26470588235294,2
confuzzius,354,code,large,88.75116503433935,18.123398745277196,33.522504892367905,99.86807387862797,123
confuzzius,356,code,global,88.63018207363567,18.147443476836603,33.522504892367905,99.86807387862797,125
confuzzius,356,code,small,81.1897299903568,18.074975891996143,63.114754098360656,99.26470588235294,2
confuzzius,356,code,large,88.75116503433938,18.123398745277193,33.522504892367905,99.86807387862797,123
confuzzius,358,code,global,88.63018207363567,18.147443476836603,33.522504892367905,99.86807387862797,125
confuzzius,358,code,small,81.1897299903568,18.074975891996143,63.114754098360656,99.26470588235294,2
confuzzius,358,code,large,88.75116503433938,18.123398745277196,33.522504892367905,99.86807387862797,123
confuzzius,360,code,global,88.63234131790013,18.14319172890841,33.522504892367905,99.86807387862797,125
confuzzius,360,code,small,81.1897299903568,18.074975891996143,63.114754098360656,99.26470588235294,2
confuzzius,360,code,large,88.75335938826667,18.119057466945986,33.522504892367905,99.86807387862797,123
confuzzius,362,code,global,88.69114772255807,18.085372447302785,33.522504892367905,99.86807387862797,125
confuzzius,362,code,small,81.1897299903568,18.074975891996143,63.114754098360656,99.26470588235294,2
confuzzius,362,code,large,88.81312199462639,18.05981593933211,33.522504892367905,99.86807387862797,123
confuzzius,364,code,global,88.69114772255806,18.085372447302788,33.522504892367905,99.86807387862797,125
confuzzius,364,code,small,81.1897299903568,18.074975891996143,63.114754098360656,99.26470588235294,2
confuzzius,364,code,large,88.81312199462637,18.059815939332108,33.522504892367905,99.86807387862797,123
confuzzius,366,code,global,88.69114772255806,18.085372447302785,33.522504892367905,99.86807387862797,125
confuzzius,366,code,small,81.1897299903568,18.074975891996143,63.114754098360656,99.26470588235294,2
confuzzius,366,code,large,88.81312199462637,18.059815939332108,33.522504892367905,99.86807387862797,123
confuzzius,368,code,global,88.691147722558,18.085372447302785,33.522504892367905,99.86807387862797,125
confuzzius,368,code,small,81.1897299903568,18.074975891996143,63.114754098360656,99.26470588235294,2
confuzzius,368,code,large,88.81312199462631,18.059815939332115,33.522504892367905,99.86807387862797,123
confuzzius,370,code,global,88.71962830277825,18.03871101868548,33.522504892367905,99.86807387862797,125
confuzzius,370,code,small,81.1897299903568,18.074975891996143,63.114754098360656,99.26470588235294,2
confuzzius,370,code,large,88.84206567371193,18.01213113699981,33.522504892367905,99.86807387862797,123
confuzzius,372,code,global,88.72051489309953,18.03810249314898,33.522504892367905,99.86807387862797,125
confuzzius,372,code,small,81.1897299903568,18.074975891996143,63.114754098360656,99.26470588235294,2
confuzzius,372,code,large,88.842966680136,18.011505678797572,33.522504892367905,99.86807387862797,123
confuzzius,374,code,global,88.72051489309965,18.03810249314898,33.522504892367905,99.86807387862797,125
confuzzius,374,code,small,81.1897299903568,18.074975891996143,63.114754098360656,99.26470588235294,2
confuzzius,374,code,large,88.84296668013612,18.011505678797565,33.522504892367905,99.86807387862797,123
confuzzius,376,code,global,88.72051489309966,18.038102493148973,33.522504892367905,99.86807387862797,125
confuzzius,376,code,small,81.1897299903568,18.074975891996143,63.114754098360656,99.26470588235294,2
confuzzius,376,code,large,88.84296668013612,18.011505678797565,33.522504892367905,99.86807387862797,123
confuzzius,378,code,global,88.72051489309965,18.03810249314898,33.522504892367905,99.86807387862797,125
confuzzius,378,code,small,81.1897299903568,18.074975891996143,63.114754098360656,99.26470588235294,2
confuzzius,378,code,large,88.84296668013612,18.011505678797565,33.522504892367905,99.86807387862797,123
confuzzius,380,code,global,88.72537319269466,18.028806499247327,33.522504892367905,99.86807387862797,125
confuzzius,380,code,small,81.1897299903568,18.074975891996143,63.114754098360656,99.26470588235294,2
confuzzius,380,code,large,88.84790397647252,18.002010938469354,33.522504892367905,99.86807387862797,123
confuzzius,382,code,global,88.72537319269478,18.02880649924732,33.522504892367905,99.86807387862797,125
confuzzius,382,code,small,81.1897299903568,18.074975891996143,63.114754098360656,99.26470588235294,2
confuzzius,382,code,large,88.84790397647264,18.002010938469354,33.522504892367905,99.86807387862797,123
confuzzius,384,code,global,88.72537319269475,18.02880649924733,33.522504892367905,99.86807387862797,125
confuzzius,384,code,small,81.1897299903568,18.074975891996143,63.114754098360656,99.26470588235294,2
confuzzius,384,code,large,88.84790397647262,18.00201093846935,33.522504892367905,99.86807387862797,123
confuzzius,386,code,global,88.72537319269473,18.028806499247324,33.522504892367905,99.86807387862797,125
confuzzius,386,code,small,81.1897299903568,18.074975891996143,63.114754098360656,99.26470588235294,2
confuzzius,386,code,large,88.8479039764726,18.002010938469358,33.522504892367905,99.86807387862797,123
confuzzius,388,code,global,88.7451962015443,18.01160408621496,33.522504892367905,99.86807387862797,125
confuzzius,388,code,small,81.1897299903568,18.074975891996143,63.114754098360656,99.26470588235294,2
confuzzius,388,code,large,88.8680493106693,17.98436519454876,33.522504892367905,99.86807387862797,123
confuzzius,390,code,global,88.74519620154427,18.011604086214966,33.522504892367905,99.86807387862797,125
confuzzius,390,code,small,81.1897299903568,18.074975891996143,63.114754098360656,99.26470588235294,2
confuzzius,390,code,large,88.86804931066929,17.984365194548758,33.522504892367905,99.86807387862797,123
confuzzius,392,code,global,88.74519620154432,18.011604086214962,33.522504892367905,99.86807387862797,125
confuzzius,392,code,small,81.1897299903568,18.074975891996143,63.114754098360656,99.26470588235294,2
confuzzius,392,code,large,88.86804931066932,17.984365194548758,33.522504892367905,99.86807387862797,123
confuzzius,394,code,global,88.74519620154436,18.011604086214962,33.522504892367905,99.86807387862797,125
confuzzius,394,code,small,81.1897299903568,18.074975891996143,63.114754098360656,99.26470588235294,2
confuzzius,394,code,large,88.86804931066935,17.984365194548758,33.522504892367905,99.86807387862797,123
confuzzius,396,code,global,88.74519620154432,18.011604086214966,33.522504892367905,99.86807387862797,125
confuzzius,396,code,small,81.1897299903568,18.074975891996143,63.114754098360656,99.26470588235294,2
confuzzius,396,code,large,88.86804931066932,17.98436519454876,33.522504892367905,99.86807387862797,123
confuzzius,398,code,global,88.74519620154437,18.011604086214962,33.522504892367905,99.86807387862797,125
confuzzius,398,code,small,81.1897299903568,18.074975891996143,63.114754098360656,99.26470588235294,2
confuzzius,398,code,large,88.86804931066938,17.984365194548754,33.522504892367905,99.86807387862797,123
confuzzius,400,code,global,88.74519620154429,18.011604086214966,33.522504892367905,99.86807387862797,125
confuzzius,400,code,small,81.1897299903568,18.074975891996143,63.114754098360656,99.26470588235294,2
confuzzius,400,code,large,88.86804931066929,17.984365194548758,33.522504892367905,99.86807387862797,123
confuzzius,402,code,global,88.74577521240083,18.01043684540697,33.522504892367905,99.86807387862797,125
confuzzius,402,code,small,81.1897299903568,18.074975891996143,63.114754098360656,99.26470588235294,2
confuzzius,402,code,large,88.86863773633648,17.983173156818314,33.522504892367905,99.86807387862797,123
confuzzius,404,code,global,88.74577521240077,18.01043684540697,33.522504892367905,99.86807387862797,125
confuzzius,404,code,small,81.1897299903568,18.074975891996143,63.114754098360656,99.26470588235294,2
confuzzius,404,code,large,88.86863773633644,17.983173156818317,33.522504892367905,99.86807387862797,123
confuzzius,406,code,global,88.74577521240077,18.01043684540698,33.522504892367905,99.86807387862797,125
confuzzius,406,code,small,81.1897299903568,18.074975891996143,63.114754098360656,99.26470588235294,2
confuzzius,406,code,large,88.86863773633644,17.983173156818317,33.522504892367905,99.86807387862797,123
confuzzius,408,code,global,88.74577521240066,18.010436845406968,33.522504892367905,99.86807387862797,125
confuzzius,408,code,small,81.1897299903568,18.074975891996143,63.114754098360656,99.26470588235294,2
confuzzius,408,code,large,88.86863773633634,17.983173156818314,33.522504892367905,99.86807387862797,123
confuzzius,410,code,global,88.74577521240077,18.01043684540698,33.522504892367905,99.86807387862797,125
confuzzius,410,code,small,81.1897299903568,18.074975891996143,63.114754098360656,99.26470588235294,2
confuzzius,410,code,large,88.86863773633645,17.983173156818314,33.522504892367905,99.86807387862797,123
confuzzius,412,code,global,88.74971609910031,18.012485658598507,33.522504892367905,99.86807387862797,125
confuzzius,412,code,small,81.1897299903568,18.074975891996143,63.114754098360656,99.26470588235294,2
confuzzius,412,code,large,88.87264270249453,17.985231072152537,33.522504892367905,99.86807387862797,123
confuzzius,414,code,global,88.75427883674281,18.014540167042497,33.522504892367905,99.86807387862797,125
confuzzius,414,code,small,81.1897299903568,18.074975891996143,63.114754098360656,99.26470588235294,2
confuzzius,414,code,large,88.877279630993,17.987290450250274,33.522504892367905,99.86807387862797,123
confuzzius,416,code,global,88.76492522457556,18.020676470360172,33.522504892367905,99.86807387862797,125
confuzzius,416,code,small,81.1897299903568,18.074975891996143,63.114754098360656,99.26470588235294,2
confuzzius,416,code,large,88.88809913082302,17.993461945111903,33.522504892367905,99.86807387862797,123
confuzzius,418,code,global,88.76492522457553,18.020676470360172,33.522504892367905,99.86807387862797,125
confuzzius,418,code,small,81.1897299903568,18.074975891996143,63.114754098360656,99.26470588235294,2
confuzzius,418,code,large,88.888099130823,17.9934619451119,33.522504892367905,99.86807387862797,123
confuzzius,420,code,global,88.76492522457562,18.020676470360172,33.522504892367905,99.86807387862797,125
confuzzius,420,code,small,81.1897299903568,18.074975891996143,63.114754098360656,99.26470588235294,2
confuzzius,420,code,large,88.88809913082306,17.993461945111896,33.522504892367905,99.86807387862797,123
confuzzius,422,code,global,88.76492522457559,18.020676470360176,33.522504892367905,99.86807387862797,125
confuzzius,422,code,small,81.1897299903568,18.074975891996143,63.114754098360656,99.26470588235294,2
confuzzius,422,code,large,88.88809913082305,17.993461945111896,33.522504892367905,99.86807387862797,123
confuzzius,424,code,global,88.76492522457555,18.020676470360172,33.522504892367905,99.86807387862797,125
confuzzius,424,code,small,81.1897299903568,18.074975891996143,63.114754098360656,99.26470588235294,2
confuzzius,424,code,large,88.88809913082301,17.9934619451119,33.522504892367905,99.86807387862797,123
confuzzius,426,code,global,88.76492522457549,18.02067647036018,33.522504892367905,99.86807387862797,125
confuzzius,426,code,small,81.1897299903568,18.074975891996143,63.114754098360656,99.26470588235294,2
confuzzius,426,code,large,88.88809913082295,17.9934619451119,33.522504892367905,99.86807387862797,123
confuzzius,428,code,global,88.7649252245756,18.020676470360172,33.522504892367905,99.86807387862797,125
confuzzius,428,code,small,81.1897299903568,18.074975891996143,63.114754098360656,99.26470588235294,2
confuzzius,428,code,large,88.88809913082304,17.9934619451119,33.522504892367905,99.86807387862797,123
confuzzius,430,code,global,88.77572144589803,18.000550600508983,33.522504892367905,99.86807387862797,125
confuzzius,430,code,small,81.1897299903568,18.074975891996143,63.114754098360656,99.26470588235294,2
confuzzius,430,code,large,88.89907090045968,17.972902422847948,33.522504892367905,99.86807387862797,123
confuzzius,432,code,global,88.7857276998067,17.986061704411572,33.522504892367905,99.86807387862797,125
confuzzius,432,code,small,81.1897299903568,18.074975891996143,63.114754098360656,99.26470588235294,2
confuzzius,432,code,large,88.90923985768393,17.95808527484072,33.522504892367905,99.86807387862797,123
confuzzius,434,code,global,88.78572769980683,17.98606170441157,33.522504892367905,99.86807387862797,125
confuzzius,434,code,small,81.1897299903568,18.074975891996143,63.114754098360656,99.26470588235294,2
confuzzius,434,code,large,88.90923985768407,17.95808527484072,33.522504892367905,99.86807387862797,123
confuzzius,436,code,global,88.81178318834723,17.935726880482722,33.522504892367905,99.86807387862797,125
confuzzius,436,code,small,81.1897299903568,18.074975891996143,63.114754098360656,99.26470588235294,2
confuzzius,436,code,large,88.93571901270481,17.906667957676667,33.522504892367905,99.86807387862797,123
confuzzius,438,code,global,88.81178318834723,17.935726880482722,33.522504892367905,99.86807387862797,125
confuzzius,438,code,small,81.1897299903568,18.074975891996143,63.114754098360656,99.26470588235294,2
confuzzius,438,code,large,88.93571901270481,17.906667957676667,33.522504892367905,99.86807387862797,123
confuzzius,440,code,global,88.81178318834714,17.935726880482715,33.522504892367905,99.86807387862797,125
confuzzius,440,code,small,81.1897299903568,18.074975891996143,63.114754098360656,99.26470588235294,2
confuzzius,440,code,large,88.93571901270471,17.906667957676664,33.522504892367905,99.86807387862797,123
confuzzius,442,code,global,88.81178318834719,17.93572688048272,33.522504892367905,99.86807387862797,125
confuzzius,442,code,small,81.1897299903568,18.074975891996143,63.114754098360656,99.26470588235294,2
confuzzius,442,code,large,88.93571901270477,17.90666795767666,33.522504892367905,99.86807387862797,123
confuzzius,444,code,global,88.8117831883472,17.93572688048272,33.522504892367905,99.86807387862797,125
confuzzius,444,code,small,81.1897299903568,18.074975891996143,63.114754098360656,99.26470588235294,2
confuzzius,444,code,large,88.93571901270478,17.906667957676664,33.522504892367905,99.86807387862797,123
confuzzius,446,code,global,88.81178318834722,17.93572688048272,33.522504892367905,99.86807387862797,125
confuzzius,446,code,small,81.1897299903568,18.074975891996143,63.114754098360656,99.26470588235294,2
confuzzius,446,code,large,88.9357190127048,17.90666795767666,33.522504892367905,99.86807387862797,123
confuzzius,448,code,global,88.81178318834726,17.935726880482722,33.522504892367905,99.86807387862797,125
confuzzius,448,code,small,81.1897299903568,18.074975891996143,63.114754098360656,99.26470588235294,2
confuzzius,448,code,large,88.93571901270482,17.906667957676664,33.522504892367905,99.86807387862797,123
confuzzius,450,code,global,88.81178318834714,17.93572688048272,33.522504892367905,99.86807387862797,125
confuzzius,450,code,small,81.1897299903568,18.074975891996143,63.114754098360656,99.26470588235294,2
confuzzius,450,code,large,88.93571901270471,17.90666795767666,33.522504892367905,99.86807387862797,123
confuzzius,452,code,global,88.81178318834719,17.93572688048272,33.522504892367905,99.86807387862797,125
confuzzius,452,code,small,81.1897299903568,18.074975891996143,63.114754098360656,99.26470588235294,2
confuzzius,452,code,large,88.93571901270477,17.906667957676664,33.522504892367905,99.86807387862797,123
confuzzius,454,code,global,88.81178318834716,17.935726880482722,33.522504892367905,99.86807387862797,125
confuzzius,454,code,small,81.1897299903568,18.074975891996143,63.114754098360656,99.26470588235294,2
confuzzius,454,code,large,88.93571901270474,17.906667957676664,33.522504892367905,99.86807387862797,123
confuzzius,456,code,global,88.81178318834715,17.935726880482715,33.522504892367905,99.86807387862797,125
confuzzius,456,code,small,81.1897299903568,18.074975891996143,63.114754098360656,99.26470588235294,2
confuzzius,456,code,large,88.93571901270474,17.906667957676667,33.522504892367905,99.86807387862797,123
confuzzius,458,code,global,88.81178318834718,17.935726880482722,33.522504892367905,99.86807387862797,125
confuzzius,458,code,small,81.1897299903568,18.074975891996143,63.114754098360656,99.26470588235294,2
confuzzius,458,code,large,88.93571901270475,17.906667957676664,33.522504892367905,99.86807387862797,123
confuzzius,460,code,global,88.81180838434302,17.93574237892729,33.522504892367905,99.86807387862797,125
confuzzius,460,code,small,81.1897299903568,18.074975891996143,63.114754098360656,99.26470588235294,2
confuzzius,460,code,large,88.93574461839157,17.90668355646566,33.522504892367905,99.86807387862797,123
confuzzius,462,code,global,88.81180838434301,17.935742378927294,33.522504892367905,99.86807387862797,125
confuzzius,462,code,small,81.1897299903568,18.074975891996143,63.114754098360656,99.26470588235294,2
confuzzius,462,code,large,88.93574461839155,17.906683556465655,33.522504892367905,99.86807387862797,123
confuzzius,464,code,global,88.81180838434297,17.935742378927287,33.522504892367905,99.86807387862797,125
confuzzius,464,code,small,81.1897299903568,18.074975891996143,63.114754098360656,99.26470588235294,2
confuzzius,464,code,large,88.93574461839152,17.90668355646565,33.522504892367905,99.86807387862797,123
confuzzius,466,code,global,88.81180838434304,17.935742378927287,33.522504892367905,99.86807387862797,125
confuzzius,466,code,small,81.1897299903568,18.074975891996143,63.114754098360656,99.26470588235294,2
confuzzius,466,code,large,88.93574461839158,17.906683556465648,33.522504892367905,99.86807387862797,123
confuzzius,468,code,global,88.8118083843429,17.935742378927284,33.522504892367905,99.86807387862797,125
confuzzius,468,code,small,81.1897299903568,18.074975891996143,63.114754098360656,99.26470588235294,2
confuzzius,468,code,large,88.93574461839145,17.906683556465648,33.522504892367905,99.86807387862797,123
confuzzius,470,code,global,88.81180838434297,17.93574237892729,33.522504892367905,99.86807387862797,125
confuzzius,470,code,small,81.1897299903568,18.074975891996143,63.114754098360656,99.26470588235294,2
confuzzius,470,code,large,88.93574461839152,17.90668355646565,33.522504892367905,99.86807387862797,123
confuzzius,472,code,global,88.81251629888214,17.93475446358659,33.522504892367905,99.86807387862797,125
confuzzius,472,code,small,81.1897299903568,18.074975891996143,63.114754098360656,99.26470588235294,2
confuzzius,472,code,large,88.9364640437362,17.90567296785182,33.522504892367905,99.86807387862797,123
confuzzius,474,code,global,88.81251629888212,17.934754463586586,33.522504892367905,99.86807387862797,125
confuzzius,474,code,small,81.1897299903568,18.074975891996143,63.114754098360656,99.26470588235294,2
confuzzius,474,code,large,88.93646404373618,17.905672967851817,33.522504892367905,99.86807387862797,123
confuzzius,476,code,global,88.81251629888209,17.934754463586593,33.522504892367905,99.86807387862797,125
confuzzius,476,code,small,81.1897299903568,18.074975891996143,63.114754098360656,99.26470588235294,2
confuzzius,476,code,large,88.93646404373615,17.90567296785182,33.522504892367905,99.86807387862797,123
confuzzius,478,code,global,88.81251629888207,17.934754463586597,33.522504892367905,99.86807387862797,125
confuzzius,478,code,small,81.1897299903568,18.074975891996143,63.114754098360656,99.26470588235294,2
confuzzius,478,code,large,88.93646404373614,17.90567296785182,33.522504892367905,99.86807387862797,123
confuzzius,480,code,global,88.81251629888213,17.934754463586582,33.522504892367905,99.86807387862797,125
confuzzius,480,code,small,81.1897299903568,18.074975891996143,63.114754098360656,99.26470588235294,2
confuzzius,480,code,large,88.9364640437362,17.90567296785182,33.522504892367905,99.86807387862797,123
confuzzius,482,code,global,88.81251629888202,17.93475446358659,33.522504892367905,99.86807387862797,125
confuzzius,482,code,small,81.1897299903568,18.074975891996143,63.114754098360656,99.26470588235294,2
confuzzius,482,code,large,88.93646404373608,17.90567296785182,33.522504892367905,99.86807387862797,123
confuzzius,484,code,global,88.8125162988821,17.93475446358659,33.522504892367905,99.86807387862797,125
confuzzius,484,code,small,81.1897299903568,18.074975891996143,63.114754098360656,99.26470588235294,2
confuzzius,484,code,large,88.93646404373617,17.90567296785182,33.522504892367905,99.86807387862797,123
confuzzius,486,code,global,88.81251629888209,17.934754463586582,33.522504892367905,99.86807387862797,125
confuzzius,486,code,small,81.1897299903568,18.074975891996143,63.114754098360656,99.26470588235294,2
confuzzius,486,code,large,88.93646404373615,17.905672967851824,33.522504892367905,99.86807387862797,123
confuzzius,488,code,global,88.81251629888209,17.934754463586582,33.522504892367905,99.86807387862797,125
confuzzius,488,code,small,81.1897299903568,18.074975891996143,63.114754098360656,99.26470588235294,2
confuzzius,488,code,large,88.93646404373615,17.905672967851824,33.522504892367905,99.86807387862797,123
confuzzius,490,code,global,88.81478258783397,17.933277345480597,33.522504892367905,99.86807387862797,125
confuzzius,490,code,small,81.1897299903568,18.074975891996143,63.114754098360656,99.26470588235294,2
confuzzius,490,code,large,88.93876718291492,17.904153445636492,33.522504892367905,99.86807387862797,123
confuzzius,492,code,global,88.81478258783397,17.9332773454806,33.522504892367905,99.86807387862797,125
confuzzius,492,code,small,81.1897299903568,18.074975891996143,63.114754098360656,99.26470588235294,2
confuzzius,492,code,large,88.93876718291492,17.904153445636492,33.522504892367905,99.86807387862797,123
confuzzius,494,code,global,88.81478258783392,17.933277345480597,33.522504892367905,99.86807387862797,125
confuzzius,494,code,small,81.1897299903568,18.074975891996143,63.114754098360656,99.26470588235294,2
confuzzius,494,code,large,88.93876718291487,17.904153445636496,33.522504892367905,99.86807387862797,123
confuzzius,496,code,global,88.81478258783389,17.933277345480594,33.522504892367905,99.86807387862797,125
confuzzius,496,code,small,81.1897299903568,18.074975891996143,63.114754098360656,99.26470588235294,2
confuzzius,496,code,large,88.93876718291482,17.90415344563649,33.522504892367905,99.86807387862797,123
confuzzius,498,code,global,88.81478258783386,17.933277345480597,33.522504892367905,99.86807387862797,125
confuzzius,498,code,small,81.1897299903568,18.074975891996143,63.114754098360656,99.26470588235294,2
confuzzius,498,code,large,88.93876718291479,17.904153445636492,33.522504892367905,99.86807387862797,123
confuzzius,500,code,global,88.81478258783396,17.933277345480597,33.522504892367905,99.86807387862797,125
confuzzius,500,code,small,81.1897299903568,18.074975891996143,63.114754098360656,99.26470588235294,2
confuzzius,500,code,large,88.9387671829149,17.904153445636492,33.522504892367905,99.86807387862797,123
confuzzius,502,code,global,88.81478258783396,17.933277345480597,33.522504892367905,99.86807387862797,125
confuzzius,502,code,small,81.1897299903568,18.074975891996143,63.114754098360656,99.26470588235294,2
confuzzius,502,code,large,88.9387671829149,17.904153445636496,33.522504892367905,99.86807387862797,123
confuzzius,504,code,global,88.81478258783392,17.933277345480597,33.522504892367905,99.86807387862797,125
confuzzius,504,code,small,81.1897299903568,18.074975891996143,63.114754098360656,99.26470588235294,2
confuzzius,504,code,large,88.93876718291484,17.904153445636492,33.522504892367905,99.86807387862797,123
confuzzius,506,code,global,88.81478258783396,17.933277345480594,33.522504892367905,99.86807387862797,125
confuzzius,506,code,small,81.1897299903568,18.074975891996143,63.114754098360656,99.26470588235294,2
confuzzius,506,code,large,88.9387671829149,17.904153445636492,33.522504892367905,99.86807387862797,123
confuzzius,508,code,global,88.81478258783388,17.9332773454806,33.522504892367905,99.86807387862797,125
confuzzius,508,code,small,81.1897299903568,18.074975891996143,63.114754098360656,99.26470588235294,2
confuzzius,508,code,large,88.9387671829148,17.90415344563649,33.522504892367905,99.86807387862797,123
confuzzius,510,code,global,88.81497559145271,17.93292217855425,33.522504892367905,99.86807387862797,125
confuzzius,510,code,small,81.1897299903568,18.074975891996143,63.114754098360656,99.26470588235294,2
confuzzius,510,code,large,88.93896332480385,17.903790558130634,33.522504892367905,99.86807387862797,123
confuzzius,512,code,global,88.81497559145272,17.932922178554247,33.522504892367905,99.86807387862797,125
confuzzius,512,code,small,81.1897299903568,18.074975891996143,63.114754098360656,99.26470588235294,2
confuzzius,512,code,large,88.93896332480388,17.903790558130634,33.522504892367905,99.86807387862797,123
confuzzius,514,code,global,88.81497559145278,17.93292217855425,33.522504892367905,99.86807387862797,125
confuzzius,514,code,small,81.1897299903568,18.074975891996143,63.114754098360656,99.26470588235294,2
confuzzius,514,code,large,88.93896332480392,17.90379055813064,33.522504892367905,99.86807387862797,123
confuzzius,516,code,global,88.81497559145275,17.932922178554247,33.522504892367905,99.86807387862797,125
confuzzius,516,code,small,81.1897299903568,18.074975891996143,63.114754098360656,99.26470588235294,2
confuzzius,516,code,large,88.93896332480391,17.903790558130634,33.522504892367905,99.86807387862797,123
confuzzius,518,code,global,88.83496347758238,17.898467352045902,33.522504892367905,99.86807387862797,125
confuzzius,518,code,small,81.1897299903568,18.074975891996143,63.114754098360656,99.26470588235294,2
confuzzius,518,code,large,88.95927621721206,17.86857672346529,33.522504892367905,99.86807387862797,123
confuzzius,520,code,global,88.83496347758239,17.898467352045902,33.522504892367905,99.86807387862797,125
confuzzius,520,code,small,81.1897299903568,18.074975891996143,63.114754098360656,99.26470588235294,2
confuzzius,520,code,large,88.95927621721208,17.868576723465285,33.522504892367905,99.86807387862797,123
confuzzius,522,code,global,88.8349634775824,17.898467352045902,33.522504892367905,99.86807387862797,125
confuzzius,522,code,small,81.1897299903568,18.074975891996143,63.114754098360656,99.26470588235294,2
confuzzius,522,code,large,88.95927621721208,17.86857672346529,33.522504892367905,99.86807387862797,123
confuzzius,524,code,global,88.83496347758236,17.8984673520459,33.522504892367905,99.86807387862797,125
confuzzius,524,code,small,81.1897299903568,18.074975891996143,63.114754098360656,99.26470588235294,2
confuzzius,524,code,large,88.95927621721205,17.868576723465285,33.522504892367905,99.86807387862797,123
confuzzius,526,code,global,88.83496347758238,17.898467352045902,33.522504892367905,99.86807387862797,125
confuzzius,526,code,small,81.1897299903568,18.074975891996143,63.114754098360656,99.26470588235294,2
confuzzius,526,code,large,88.95927621721206,17.86857672346529,33.522504892367905,99.86807387862797,123
confuzzius,528,code,global,88.8349634775823,17.8984673520459,33.522504892367905,99.86807387862797,125
confuzzius,528,code,small,81.1897299903568,18.074975891996143,63.114754098360656,99.26470588235294,2
confuzzius,528,code,large,88.959276217212,17.868576723465285,33.522504892367905,99.86807387862797,123
confuzzius,530,code,global,88.83496347758236,17.8984673520459,33.522504892367905,99.86807387862797,125
confuzzius,530,code,small,81.1897299903568,18.074975891996143,63.114754098360656,99.26470588235294,2
confuzzius,530,code,large,88.95927621721205,17.868576723465285,33.522504892367905,99.86807387862797,123
confuzzius,532,code,global,88.8349634775823,17.8984673520459,33.522504892367905,99.86807387862797,125
confuzzius,532,code,small,81.1897299903568,18.074975891996143,63.114754098360656,99.26470588235294,2
confuzzius,532,code,large,88.959276217212,17.868576723465285,33.522504892367905,99.86807387862797,123
confuzzius,534,code,global,88.8349634775824,17.898467352045902,33.522504892367905,99.86807387862797,125
confuzzius,534,code,small,81.1897299903568,18.074975891996143,63.114754098360656,99.26470588235294,2
confuzzius,534,code,large,88.95927621721206,17.868576723465285,33.522504892367905,99.86807387862797,123
confuzzius,536,code,global,88.83496347758235,17.898467352045905,33.522504892367905,99.86807387862797,125
confuzzius,536,code,small,81.1897299903568,18.074975891996143,63.114754098360656,99.26470588235294,2
confuzzius,536,code,large,88.95927621721204,17.86857672346528,33.522504892367905,99.86807387862797,123
confuzzius,538,code,global,88.83496347758232,17.898467352045905,33.522504892367905,99.86807387862797,125
confuzzius,538,code,small,81.1897299903568,18.074975891996143,63.114754098360656,99.26470588235294,2
confuzzius,538,code,large,88.95927621721201,17.868576723465285,33.522504892367905,99.86807387862797,123
confuzzius,540,code,global,88.83496347758238,17.898467352045902,33.522504892367905,99.86807387862797,125
confuzzius,540,code,small,81.1897299903568,18.074975891996143,63.114754098360656,99.26470588235294,2
confuzzius,540,code,large,88.95927621721206,17.868576723465285,33.522504892367905,99.86807387862797,123
confuzzius,542,code,global,88.83496347758238,17.8984673520459,33.522504892367905,99.86807387862797,125
confuzzius,542,code,small,81.1897299903568,18.074975891996143,63.114754098360656,99.26470588235294,2
confuzzius,542,code,large,88.95927621721205,17.868576723465285,33.522504892367905,99.86807387862797,123
confuzzius,544,code,global,88.83496347758235,17.898467352045902,33.522504892367905,99.86807387862797,125
confuzzius,544,code,small,81.1897299903568,18.074975891996143,63.114754098360656,99.26470588235294,2
confuzzius,544,code,large,88.95927621721205,17.868576723465285,33.522504892367905,99.86807387862797,123
confuzzius,546,code,global,88.83496347758229,17.8984673520459,33.522504892367905,99.86807387862797,125
confuzzius,546,code,small,81.1897299903568,18.074975891996143,63.114754098360656,99.26470588235294,2
confuzzius,546,code,large,88.95927621721196,17.86857672346529,33.522504892367905,99.86807387862797,123
confuzzius,548,code,global,88.83496347758235,17.89846735204591,33.522504892367905,99.86807387862797,125
confuzzius,548,code,small,81.1897299903568,18.074975891996143,63.114754098360656,99.26470588235294,2
confuzzius,548,code,large,88.95927621721204,17.868576723465285,33.522504892367905,99.86807387862797,123
confuzzius,550,code,global,88.83496347758238,17.898467352045902,33.522504892367905,99.86807387862797,125
confuzzius,550,code,small,81.1897299903568,18.074975891996143,63.114754098360656,99.26470588235294,2
confuzzius,550,code,large,88.95927621721206,17.86857672346529,33.522504892367905,99.86807387862797,123
confuzzius,552,code,global,88.8349634775824,17.898467352045902,33.522504892367905,99.86807387862797,125
confuzzius,552,code,small,81.1897299903568,18.074975891996143,63.114754098360656,99.26470588235294,2
confuzzius,552,code,large,88.95927621721208,17.86857672346529,33.522504892367905,99.86807387862797,123
confuzzius,554,code,global,88.83496347758232,17.898467352045895,33.522504892367905,99.86807387862797,125
confuzzius,554,code,small,81.1897299903568,18.074975891996143,63.114754098360656,99.26470588235294,2
confuzzius,554,code,large,88.95927621721201,17.86857672346529,33.522504892367905,99.86807387862797,123
confuzzius,556,code,global,88.8361228978722,17.898384750225887,33.522504892367905,99.86807387862797,125
confuzzius,556,code,small,81.1897299903568,18.074975891996143,63.114754098360656,99.26470588235294,2
confuzzius,556,code,large,88.96045448986435,17.868484440124792,33.522504892367905,99.86807387862797,123
confuzzius,558,code,global,88.83612289787214,17.898384750225883,33.522504892367905,99.86807387862797,125
confuzzius,558,code,small,81.1897299903568,18.074975891996143,63.114754098360656,99.26470588235294,2
confuzzius,558,code,large,88.96045448986428,17.86848444012479,33.522504892367905,99.86807387862797,123
confuzzius,560,code,global,88.83612289787223,17.898384750225883,33.522504892367905,99.86807387862797,125
confuzzius,560,code,small,81.1897299903568,18.074975891996143,63.114754098360656,99.26470588235294,2
confuzzius,560,code,large,88.96045448986436,17.868484440124792,33.522504892367905,99.86807387862797,123
confuzzius,562,code,global,88.83612289787226,17.898384750225887,33.522504892367905,99.86807387862797,125
confuzzius,562,code,small,81.1897299903568,18.074975891996143,63.114754098360656,99.26470588235294,2
confuzzius,562,code,large,88.96045448986439,17.86848444012478,33.522504892367905,99.86807387862797,123
confuzzius,564,code,global,88.83612289787223,17.89838475022588,33.522504892367905,99.86807387862797,125
confuzzius,564,code,small,81.1897299903568,18.074975891996143,63.114754098360656,99.26470588235294,2
confuzzius,564,code,large,88.96045448986436,17.868484440124792,33.522504892367905,99.86807387862797,123
confuzzius,566,code,global,88.83612289787216,17.898384750225883,33.522504892367905,99.86807387862797,125
confuzzius,566,code,small,81.1897299903568,18.074975891996143,63.114754098360656,99.26470588235294,2
confuzzius,566,code,large,88.96045448986429,17.868484440124785,33.522504892367905,99.86807387862797,123
confuzzius,568,code,global,88.84676928570491,17.90213807953892,33.522504892367905,99.86807387862797,125
confuzzius,568,code,small,81.1897299903568,18.074975891996143,63.114754098360656,99.26470588235294,2
confuzzius,568,code,large,88.97127398969431,17.87222985391737,33.522504892367905,99.86807387862797,123
confuzzius,570,code,global,88.84676928570487,17.902138079538922,33.522504892367905,99.86807387862797,125
confuzzius,570,code,small,81.1897299903568,18.074975891996143,63.114754098360656,99.26470588235294,2
confuzzius,570,code,large,88.97127398969427,17.872229853917368,33.522504892367905,99.86807387862797,123
confuzzius,572,code,global,88.84676928570487,17.902138079538922,33.522504892367905,99.86807387862797,125
confuzzius,572,code,small,81.1897299903568,18.074975891996143,63.114754098360656,99.26470588235294,2
confuzzius,572,code,large,88.97127398969427,17.872229853917368,33.522504892367905,99.86807387862797,123
confuzzius,574,code,global,88.84676928570495,17.902138079538922,33.522504892367905,99.86807387862797,125
confuzzius,574,code,small,81.1897299903568,18.074975891996143,63.114754098360656,99.26470588235294,2
confuzzius,574,code,large,88.97127398969434,17.872229853917364,33.522504892367905,99.86807387862797,123
confuzzius,576,code,global,88.84792870599475,17.902064116235536,33.522504892367905,99.86807387862797,125
confuzzius,576,code,small,81.1897299903568,18.074975891996143,63.114754098360656,99.26470588235294,2
confuzzius,576,code,large,88.9724522623466,17.872146353219076,33.522504892367905,99.86807387862797,123
confuzzius,578,code,global,88.84792870599473,17.902064116235533,33.522504892367905,99.86807387862797,125
confuzzius,578,code,small,81.1897299903568,18.074975891996143,63.114754098360656,99.26470588235294,2
confuzzius,578,code,large,88.9724522623466,17.872146353219076,33.522504892367905,99.86807387862797,123
confuzzius,580,code,global,88.84792870599482,17.902064116235533,33.522504892367905,99.86807387862797,125
confuzzius,580,code,small,81.1897299903568,18.074975891996143,63.114754098360656,99.26470588235294,2
confuzzius,580,code,large,88.97245226234665,17.872146353219076,33.522504892367905,99.86807387862797,123
confuzzius,582,code,global,88.84792870599483,17.902064116235533,33.522504892367905,99.86807387862797,125
confuzzius,582,code,small,81.1897299903568,18.074975891996143,63.114754098360656,99.26470588235294,2
confuzzius,582,code,large,88.97245226234664,17.872146353219076,33.522504892367905,99.86807387862797,123
confuzzius,584,code,global,88.84792870599482,17.902064116235536,33.522504892367905,99.86807387862797,125
confuzzius,584,code,small,81.1897299903568,18.074975891996143,63.114754098360656,99.26470588235294,2
confuzzius,584,code,large,88.97245226234665,17.872146353219073,33.522504892367905,99.86807387862797,123
confuzzius,586,code,global,88.84792870599483,17.902064116235533,33.522504892367905,99.86807387862797,125
confuzzius,586,code,small,81.1897299903568,18.074975891996143,63.114754098360656,99.26470588235294,2
confuzzius,586,code,large,88.97245226234664,17.872146353219076,33.522504892367905,99.86807387862797,123
confuzzius,588,code,global,88.8479287059948,17.90206411623553,33.522504892367905,99.86807387862797,125
confuzzius,588,code,small,81.1897299903568,18.074975891996143,63.114754098360656,99.26470588235294,2
confuzzius,588,code,large,88.97245226234664,17.87214635321908,33.522504892367905,99.86807387862797,123
confuzzius,590,code,global,88.84792870599483,17.902064116235536,33.522504892367905,99.86807387862797,125
confuzzius,590,code,small,81.1897299903568,18.074975891996143,63.114754098360656,99.26470588235294,2
confuzzius,590,code,large,88.97245226234665,17.872146353219076,33.522504892367905,99.86807387862797,123
confuzzius,592,code,global,88.84792870599475,17.902064116235533,33.522504892367905,99.86807387862797,125
confuzzius,592,code,small,81.1897299903568,18.074975891996143,63.114754098360656,99.26470588235294,2
confuzzius,592,code,large,88.97245226234661,17.872146353219076,33.522504892367905,99.86807387862797,123
confuzzius,594,code,global,88.84792870599475,17.902064116235533,33.522504892367905,99.86807387862797,125
confuzzius,594,code,small,81.1897299903568,18.074975891996143,63.114754098360656,99.26470588235294,2
confuzzius,594,code,large,88.9724522623466,17.872146353219076,33.522504892367905,99.86807387862797,123
confuzzius,596,code,global,88.8479287059948,17.90206411623553,33.522504892367905,99.86807387862797,125
confuzzius,596,code,small,81.1897299903568,18.074975891996143,63.114754098360656,99.26470588235294,2
confuzzius,596,code,large,88.97245226234664,17.87214635321908,33.522504892367905,99.86807387862797,123
confuzzius,598,code,global,88.84792870599473,17.902064116235533,33.522504892367905,99.86807387862797,125
confuzzius,598,code,small,81.1897299903568,18.074975891996143,63.114754098360656,99.26470588235294,2
confuzzius,598,code,large,88.9724522623466,17.87214635321908,33.522504892367905,99.86807387862797,123
confuzzius,600,code,global,88.84792870599482,17.902064116235533,33.522504892367905,99.86807387862797,125
confuzzius,600,code,small,81.1897299903568,18.074975891996143,63.114754098360656,99.26470588235294,2
confuzzius,600,code,large,88.97245226234665,17.872146353219076,33.522504892367905,99.86807387862797,123
confuzzius,2,branch,global,80.95239810956275,17.587931673507658,0,100,123
confuzzius,2,branch,large,80.95239810956275,17.587931673507658,0,100,123
confuzzius,4,branch,global,81.69404592024729,17.489408250368196,0,100,123
confuzzius,4,branch,large,81.69404592024729,17.489408250368196,0,100,123
confuzzius,6,branch,global,82.30382181378582,17.65017785310501,0,100,124
confuzzius,6,branch,small,53.333333333333336,0,53.333333333333336,53.333333333333336,1
confuzzius,6,branch,large,82.53935424045616,17.5266245342132,0,100,123
confuzzius,8,branch,global,82.74123494706393,17.412109025789114,0,100,125
confuzzius,8,branch,small,64.16666666666667,10.833333333333332,53.333333333333336,75,2
confuzzius,8,branch,large,83.0432604475582,17.33498769661829,0,100,123
confuzzius,10,branch,global,83.08706978181615,17.511287657569262,0,100,125
confuzzius,10,branch,small,64.16666666666667,10.833333333333332,53.333333333333336,75,2
confuzzius,10,branch,large,83.3947186129568,17.430074518160037,0,100,123
confuzzius,12,branch,global,83.3488820218637,17.363221522511104,0,100,125
confuzzius,12,branch,small,64.16666666666667,10.833333333333332,53.333333333333336,75,2
confuzzius,12,branch,large,83.66078796259862,17.274112313981565,0,100,123
confuzzius,14,branch,global,83.59704286102452,17.34034848314198,0,100,125
confuzzius,14,branch,small,64.16666666666667,10.833333333333332,53.333333333333336,75,2
confuzzius,14,branch,large,83.91298393735553,17.246157041316913,0,100,123
confuzzius,16,branch,global,83.90520078749006,17.241337493611987,0,100,125
confuzzius,16,branch,small,64.16666666666667,10.833333333333332,53.333333333333336,75,2
confuzzius,16,branch,large,84.22615256181238,17.13916090794136,0,100,123
confuzzius,18,branch,global,84.18795414524344,17.219193554548696,0,100,125
confuzzius,18,branch,small,64.16666666666667,10.833333333333332,53.333333333333336,75,2
confuzzius,18,branch,large,84.51350353513901,17.111094763092257,0,100,123
confuzzius,20,branch,global,84.70414462143388,17.269294247435447,0,100,125
confuzzius,20,branch,small,76.66666666666667,23.333333333333332,53.333333333333336,100,2
confuzzius,20,branch,large,84.83483531988537,17.121843044293847,0,100,123
confuzzius,22,branch,global,85.06183474739989,17.16967975010525,0,100,125
confuzzius,22,branch,small,76.66666666666667,23.333333333333332,53.333333333333336,100,2
confuzzius,22,branch,large,85.19834154546058,17.016873324439523,0,100,123
confuzzius,24,branch,global,85.30521907549009,17.208763552815583,0,100,125
confuzzius,24,branch,small,76.66666666666667,23.333333333333332,53.333333333333336,100,2
confuzzius,24,branch,large,85.44568334230023,17.054939440654344,0,100,123
confuzzius,26,branch,global,85.41659769360398,17.172027884295254,0,100,125
confuzzius,26,branch,small,78.33333333333333,21.666666666666668,56.666666666666664,100,2
confuzzius,26,branch,large,85.53177272385228,17.064905250849762,0,100,123
confuzzius,28,branch,global,85.69883179936753,17.24645673581233,0,100,125
confuzzius,28,branch,small,78.33333333333333,21.666666666666668,56.666666666666664,100,2
confuzzius,28,branch,large,85.81859600206727,17.139048619428404,0,100,123
confuzzius,30,branch,global,85.89476253529828,17.222016974390556,0,100,125
confuzzius,30,branch,small,78.33333333333333,21.666666666666668,56.666666666666664,100,2
confuzzius,30,branch,large,86.01771260362293,17.112643287423303,0,100,123
confuzzius,32,branch,global,86.03973608027182,17.22740067310987,0,100,125
confuzzius,32,branch,small,78.33333333333333,21.666666666666668,56.666666666666664,100,2
confuzzius,32,branch,large,86.16504344201064,17.117081097215667,0,100,123
confuzzius,34,branch,global,86.20669260201093,17.262799462037208,0,100,125
confuzzius,34,branch,small,78.33333333333333,21.666666666666668,56.666666666666664,100,2
confuzzius,34,branch,large,86.33471470394066,17.15203329317014,0,100,123
confuzzius,36,branch,global,86.27625781940225,17.274437399458765,0,100,125
confuzzius,36,branch,small,78.33333333333333,21.666666666666668,56.666666666666664,100,2
confuzzius,36,branch,large,86.40541106307818,17.163407079489797,0,100,123
confuzzius,38,branch,global,86.3927844300465,17.272237941378844,0,100,125
confuzzius,38,branch,small,78.33333333333333,21.666666666666668,56.666666666666664,100,2
confuzzius,38,branch,large,86.52383241535892,17.160259605234778,0,100,123
confuzzius,40,branch,global,86.61409395385603,17.262852529039993,0,100,125
confuzzius,40,branch,small,78.33333333333333,21.666666666666668,56.666666666666664,100,2
confuzzius,40,branch,large,86.74874046801088,17.1489170643468,0,100,123
confuzzius,42,branch,global,86.61409395385601,17.26285252903999,0,100,125
confuzzius,42,branch,small,78.33333333333333,21.666666666666668,56.666666666666664,100,2
confuzzius,42,branch,large,86.74874046801087,17.148917064346797,0,100,123
confuzzius,44,branch,global,86.73173927150134,17.232044479702303,0,100,125
confuzzius,44,branch,small,78.33333333333333,21.666666666666668,56.666666666666664,100,2
confuzzius,44,branch,large,86.86829871765042,17.11645205856182,0,100,123
confuzzius,46,branch,global,86.76018371594581,17.216867455149277,0,100,125
confuzzius,46,branch,small,78.33333333333333,21.666666666666668,56.666666666666664,100,2
confuzzius,46,branch,large,86.89720567338665,17.100692657088953,0,100,123
confuzzius,48,branch,global,86.78875514451721,17.23584139970656,0,100,125
confuzzius,48,branch,small,78.33333333333333,21.666666666666668,56.666666666666664,100,2
confuzzius,48,branch,large,86.92624167803241,17.119873008872997,0,100,123
confuzzius,50,branch,global,86.9274162901349,17.276562159328915,0,100,125
confuzzius,50,branch,small,78.33333333333333,21.666666666666668,56.666666666666664,100,2
confuzzius,50,branch,large,87.06715747642436,17.160396525997367,0,100,123
confuzzius,52,branch,global,87.06970141471105,17.24072019549657,0,100,125
confuzzius,52,branch,small,78.33333333333333,21.666666666666668,56.666666666666664,100,2
confuzzius,52,branch,large,87.21175618026189,17.12253421298149,0,100,123
confuzzius,54,branch,global,87.18606505107468,17.281106916254107,0,100,125
confuzzius,54,branch,small,78.33333333333333,21.666666666666668,56.666666666666664,100,2
confuzzius,54,branch,large,87.33001190827375,17.162874183401332,0,100,123
confuzzius,56,branch,global,87.2337843493203,17.20869710318209,0,100,125
confuzzius,56,branch,small,80,20,60,100,2
confuzzius,56,branch,large,87.35140685906534,17.134344821982662,0,100,123
confuzzius,58,branch,global,87.23378434932029,17.208697103182104,0,100,125
confuzzius,58,branch,small,80,20,60,100,2
confuzzius,58,branch,large,87.35140685906534,17.134344821982662,0,100,123
confuzzius,60,branch,global,87.26045101598694,17.21554429195358,0,100,125
confuzzius,60,branch,small,80,20,60,100,2
confuzzius,60,branch,large,87.37850713006804,17.141147204151235,0,100,123
confuzzius,62,branch,global,87.27784232033478,17.222913273926515,0,100,125
confuzzius,62,branch,small,80,20,60,100,2
confuzzius,62,branch,large,87.3961812198524,17.14854665054024,0,100,123
confuzzius,64,branch,global,87.3464137489062,17.264609808427824,0,100,125
confuzzius,64,branch,small,80,20,60,100,2
confuzzius,64,branch,large,87.46586763100224,17.19062168090166,0,100,123
confuzzius,66,branch,global,87.37498517747761,17.27665694320644,0,100,125
confuzzius,66,branch,small,80,20,60,100,2
confuzzius,66,branch,large,87.494903635648,17.202715276604977,0,100,123
confuzzius,68,branch,global,87.40866938800399,17.279803504593435,0,100,125
confuzzius,68,branch,small,80,20,60,100,2
confuzzius,68,branch,large,87.52913555691461,17.20568760954757,0,100,123
confuzzius,70,branch,global,87.4401845395191,17.268235718660907,0,100,125
confuzzius,70,branch,small,80,20,60,100,2
confuzzius,70,branch,large,87.56116314991779,17.19365611551045,0,100,123
confuzzius,72,branch,global,87.449073428408,17.257479640139874,0,100,125
confuzzius,72,branch,small,80,20,60,100,2
confuzzius,72,branch,large,87.57019657358536,17.182614001079635,0,100,123
confuzzius,74,branch,global,87.449073428408,17.257479640139874,0,100,125
confuzzius,74,branch,small,80,20,60,100,2
confuzzius,74,branch,large,87.57019657358536,17.182614001079628,0,100,123
confuzzius,76,branch,global,87.56385603710365,17.247056543122145,0,100,125
confuzzius,76,branch,small,80,20,60,100,2
confuzzius,76,branch,large,87.68684556616223,17.171146042485912,0,100,123
confuzzius,78,branch,global,87.56385603710363,17.247056543122135,0,100,125
confuzzius,78,branch,small,80,20,60,100,2
confuzzius,78,branch,large,87.68684556616223,17.17114604248591,0,100,123
confuzzius,80,branch,global,87.56385603710366,17.247056543122138,0,100,125
confuzzius,80,branch,small,80,20,60,100,2
confuzzius,80,branch,large,87.68684556616223,17.171146042485915,0,100,123
confuzzius,82,branch,global,87.63948628920448,17.290386908552637,0,100,125
confuzzius,82,branch,small,80,20,60,100,2
confuzzius,82,branch,large,87.76370557845985,17.214822382024217,0,100,123
confuzzius,84,branch,global,87.63948628920448,17.29038690855264,0,100,125
confuzzius,84,branch,small,80,20,60,100,2
confuzzius,84,branch,large,87.76370557845983,17.21482238202422,0,100,123
confuzzius,86,branch,global,87.73897346869167,17.28163770541056,0,100,125
confuzzius,86,branch,small,80,20,60,100,2
confuzzius,86,branch,large,87.86481043566228,17.205157126284675,0,100,123
confuzzius,88,branch,global,87.81325918297738,17.246641175756842,0,100,125
confuzzius,88,branch,small,80,20,60,100,2
confuzzius,88,branch,large,87.94030404774124,17.168876566329043,0,100,123
confuzzius,90,branch,global,87.81325918297739,17.24664117575684,0,100,125
confuzzius,90,branch,small,80,20,60,100,2
confuzzius,90,branch,large,87.94030404774125,17.16887656632904,0,100,123
confuzzius,92,branch,global,87.83992584964403,17.252577656686466,0,100,125
confuzzius,92,branch,small,80,20,60,100,2
confuzzius,92,branch,large,87.96740431874395,17.17473606780636,0,100,123
confuzzius,94,branch,global,87.90468775440594,17.269231090479625,0,100,125
confuzzius,94,branch,small,80,20,60,100,2
confuzzius,94,branch,large,88.03321926260766,17.191246739216695,0,100,123
confuzzius,96,branch,global,87.9536499033681,17.285029685349418,0,100,125
confuzzius,96,branch,small,80,20,60,100,2
confuzzius,96,branch,large,88.08297754407327,17.207002038497546,0,100,123
confuzzius,98,branch,global,87.96079276051097,17.270629637089847,0,100,125
confuzzius,98,branch,small,80,20,60,100,2
confuzzius,98,branch,large,88.09023654523473,17.19224669612944,0,100,123
confuzzius,100,branch,global,87.99003645798994,17.283900612423977,0,100,125
confuzzius,100,branch,small,80,20,60,100,2
confuzzius,100,branch,large,88.11995574998978,17.20557081806005,0,100,123
confuzzius,102,branch,global,88.0177797292115,17.280247977347912,0,100,125
confuzzius,102,branch,small,80,20,60,100,2
confuzzius,102,branch,large,88.1481501313125,17.201628568183466,0,100,123
confuzzius,104,branch,global,88.06496587639762,17.27141118328748,0,100,125
confuzzius,104,branch,small,80,20,60,100,2
confuzzius,104,branch,large,88.19610353292441,17.192242281087548,0,100,123
confuzzius,106,branch,global,88.06496587639764,17.271411183287483,0,100,125
confuzzius,106,branch,small,80,20,60,100,2
confuzzius,106,branch,large,88.19610353292443,17.192242281087555,0,100,123
confuzzius,108,branch,global,88.14496587639763,17.272468933400845,0,100,125
confuzzius,108,branch,small,80,20,60,100,2
confuzzius,108,branch,large,88.27740434593254,17.192698991668042,0,100,123
confuzzius,110,branch,global,88.14496587639762,17.27246893340084,0,100,125
confuzzius,110,branch,small,80,20,60,100,2
confuzzius,110,branch,large,88.27740434593254,17.192698991668042,0,100,123
confuzzius,112,branch,global,88.14496587639766,17.27246893340086,0,100,125
confuzzius,112,branch,small,80,20,60,100,2
confuzzius,112,branch,large,88.27740434593258,17.19269899166802,0,100,123
confuzzius,114,branch,global,88.17163254306432,17.288170855873943,0,100,125
confuzzius,114,branch,small,80,20,60,100,2
confuzzius,114,branch,large,88.30450461693529,17.20852117396784,0,100,123
confuzzius,116,branch,global,88.20641515175994,17.30754910240294,0,100,125
confuzzius,116,branch,small,80,20,60,100,2
confuzzius,116,branch,large,88.339852796504,17.22803217740604,0,100,123
confuzzius,118,branch,global,88.22546277080757,17.311346343529355,0,100,125
confuzzius,118,branch,small,80,20,60,100,2
confuzzius,118,branch,large,88.3592101329345,17.23175889193894,0,100,123
confuzzius,120,branch,global,88.23777046311527,17.29619016793786,0,100,125
confuzzius,120,branch,small,80,20,60,100,2
confuzzius,120,branch,large,88.3717179503204,17.216187719269474,0,100,123
confuzzius,122,branch,global,88.23777046311524,17.29619016793785,0,100,125
confuzzius,122,branch,small,80,20,60,100,2
confuzzius,122,branch,large,88.37171795032037,17.216187719269474,0,100,123
confuzzius,124,branch,global,88.23777046311527,17.296190167937855,0,100,125
confuzzius,124,branch,small,80,20,60,100,2
confuzzius,124,branch,large,88.3717179503204,17.216187719269474,0,100,123
confuzzius,126,branch,global,88.28777046311528,17.284947708314256,0,100,125
confuzzius,126,branch,small,80,20,60,100,2
confuzzius,126,branch,large,88.42253095845048,17.204312456472163,0,100,123
confuzzius,128,branch,global,88.28777046311527,17.284947708314263,0,100,125
confuzzius,128,branch,small,80,20,60,100,2
confuzzius,128,branch,large,88.42253095845047,17.20431245647216,0,100,123
confuzzius,130,branch,global,88.32586570121055,17.30021718321123,0,100,125
confuzzius,130,branch,small,80,20,60,100,2
confuzzius,130,branch,large,88.46124563131153,17.219599093966377,0,100,123
confuzzius,132,branch,global,88.34325700555833,17.308663941040944,0,100,125
confuzzius,132,branch,small,80,20,60,100,2
confuzzius,132,branch,large,88.47891972109586,17.228084302729666,0,100,123
confuzzius,134,branch,global,88.34325700555836,17.308663941040948,0,100,125
confuzzius,134,branch,small,80,20,60,100,2
confuzzius,134,branch,large,88.47891972109589,17.22808430272967,0,100,123
confuzzius,136,branch,global,88.34325700555833,17.308663941040937,0,100,125
confuzzius,136,branch,small,80,20,60,100,2
confuzzius,136,branch,large,88.47891972109585,17.22808430272967,0,100,123
confuzzius,138,branch,global,88.34325700555833,17.308663941040944,0,100,125
confuzzius,138,branch,small,80,20,60,100,2
confuzzius,138,branch,large,88.47891972109586,17.228084302729666,0,100,123
confuzzius,140,branch,global,88.34325700555836,17.308663941040944,0,100,125
confuzzius,140,branch,small,80,20,60,100,2
confuzzius,140,branch,large,88.47891972109589,17.22808430272967,0,100,123
confuzzius,142,branch,global,88.34325700555834,17.308663941040944,0,100,125
confuzzius,142,branch,small,80,20,60,100,2
confuzzius,142,branch,large,88.47891972109586,17.22808430272967,0,100,123
confuzzius,144,branch,global,88.34325700555831,17.308663941040937,0,100,125
confuzzius,144,branch,small,80,20,60,100,2
confuzzius,144,branch,large,88.47891972109585,17.228084302729666,0,100,123
confuzzius,146,branch,global,88.34325700555836,17.308663941040944,0,100,125
confuzzius,146,branch,small,80,20,60,100,2
confuzzius,146,branch,large,88.47891972109589,17.228084302729666,0,100,123
confuzzius,148,branch,global,88.41944748174882,17.328354586060154,0,100,125
confuzzius,148,branch,small,80,20,60,100,2
confuzzius,148,branch,large,88.5563490668179,17.247576622357137,0,100,123
confuzzius,150,branch,global,88.4194474817488,17.328354586060154,0,100,125
confuzzius,150,branch,small,80,20,60,100,2
confuzzius,150,branch,large,88.55634906681792,17.247576622357137,0,100,123
confuzzius,152,branch,global,88.42539192619327,17.321510542915107,0,100,125
confuzzius,152,branch,small,80,20,60,100,2
confuzzius,152,branch,large,88.5623901688956,17.240540696169983,0,100,123
confuzzius,154,branch,global,88.43110621190755,17.320497369637273,0,100,125
confuzzius,154,branch,small,80,20,60,100,2
confuzzius,154,branch,large,88.56819736982473,17.239460047877852,0,100,123
confuzzius,156,branch,global,88.4577728785742,17.330587382501847,0,100,125
confuzzius,156,branch,small,80,20,60,100,2
confuzzius,156,branch,large,88.59529764082743,17.249546530454516,0,100,123
confuzzius,158,branch,global,88.45777287857422,17.330587382501857,0,100,125
confuzzius,158,branch,small,80,20,60,100,2
confuzzius,158,branch,large,88.59529764082747,17.249546530454527,0,100,123
confuzzius,160,branch,global,88.45777287857422,17.33058738250185,0,100,125
confuzzius,160,branch,small,80,20,60,100,2
confuzzius,160,branch,large,88.59529764082747,17.249546530454534,0,100,123
confuzzius,162,branch,global,88.4577728785742,17.330587382501854,0,100,125
confuzzius,162,branch,small,80,20,60,100,2
confuzzius,162,branch,large,88.59529764082744,17.249546530454527,0,100,123
confuzzius,164,branch,global,88.49018667167768,17.33106969862501,0,100,125
confuzzius,164,branch,small,80,20,60,100,2
confuzzius,164,branch,large,88.62823848747729,17.24977586787626,0,100,123
confuzzius,166,branch,global,88.49018667167765,17.331069698625022,0,100,125
confuzzius,166,branch,small,80,20,60,100,2
confuzzius,166,branch,large,88.62823848747728,17.249775867876277,0,100,123
confuzzius,168,branch,global,88.49018667167766,17.33106969862501,0,100,125
confuzzius,168,branch,small,80,20,60,100,2
confuzzius,168,branch,large,88.62823848747729,17.249775867876263,0,100,123
confuzzius,170,branch,global,88.4944419908266,17.32027660424661,0,100,125
confuzzius,170,branch,small,80,20,60,100,2
confuzzius,170,branch,large,88.6325629988075,17.23872085465978,0,100,123
confuzzius,172,branch,global,88.4944419908266,17.32027660424661,0,100,125
confuzzius,172,branch,small,80,20,60,100,2
confuzzius,172,branch,large,88.6325629988075,17.238720854659775,0,100,123
confuzzius,174,branch,global,88.4955408919255,17.32088888556165,0,100,125
confuzzius,174,branch,small,80,20,60,100,2
confuzzius,174,branch,large,88.63367976821695,17.239337087166483,0,100,123
confuzzius,176,branch,global,88.52220755859216,17.336007698960103,0,100,125
confuzzius,176,branch,small,80,20,60,100,2
confuzzius,176,branch,large,88.66078003921967,17.254556941885223,0,100,123
confuzzius,178,branch,global,88.52220755859216,17.3360076989601,0,100,125
confuzzius,178,branch,small,80,20,60,100,2
confuzzius,178,branch,large,88.66078003921967,17.25455694188522,0,100,123
confuzzius,180,branch,global,88.54125517763977,17.344682036310342,0,100,125
confuzzius,180,branch,small,80,20,60,100,2
confuzzius,180,branch,large,88.68013737565016,17.26325832676951,0,100,123
confuzzius,182,branch,global,88.54125517763974,17.344682036310353,0,100,125
confuzzius,182,branch,small,80,20,60,100,2
confuzzius,182,branch,large,88.68013737565015,17.263258326769506,0,100,123
confuzzius,184,branch,global,88.5412551776398,17.34468203631035,0,100,125
confuzzius,184,branch,small,80,20,60,100,2
confuzzius,184,branch,large,88.6801373756502,17.26325832676951,0,100,123
confuzzius,186,branch,global,88.54125517763978,17.344682036310342,0,100,125
confuzzius,186,branch,small,80,20,60,100,2
confuzzius,186,branch,large,88.68013737565019,17.26325832676951,0,100,123
confuzzius,188,branch,global,88.5412551776398,17.34468203631035,0,100,125
confuzzius,188,branch,small,80,20,60,100,2
confuzzius,188,branch,large,88.6801373756502,17.26325832676951,0,100,123
confuzzius,190,branch,global,88.54125517763978,17.344682036310342,0,100,125
confuzzius,190,branch,small,80,20,60,100,2
confuzzius,190,branch,large,88.68013737565019,17.26325832676951,0,100,123
confuzzius,192,branch,global,88.54125517763977,17.344682036310342,0,100,125
confuzzius,192,branch,small,80,20,60,100,2
confuzzius,192,branch,large,88.68013737565019,17.263258326769506,0,100,123
confuzzius,194,branch,global,88.54125517763974,17.344682036310353,0,100,125
confuzzius,194,branch,small,80,20,60,100,2
confuzzius,194,branch,large,88.68013737565015,17.263258326769506,0,100,123
confuzzius,196,branch,global,88.54125517763977,17.344682036310346,0,100,125
confuzzius,196,branch,small,80,20,60,100,2
confuzzius,196,branch,large,88.68013737565018,17.26325832676951,0,100,123
confuzzius,198,branch,global,88.54125517763977,17.344682036310346,0,100,125
confuzzius,198,branch,small,80,20,60,100,2
confuzzius,198,branch,large,88.68013737565018,17.26325832676951,0,100,123
confuzzius,200,branch,global,88.58569962208423,17.352631903738548,0,100,125
confuzzius,200,branch,small,80,20,60,100,2
confuzzius,200,branch,large,88.72530449398805,17.271011372586493,0,100,123
confuzzius,202,branch,global,88.58569962208423,17.352631903738544,0,100,125
confuzzius,202,branch,small,80,20,60,100,2
confuzzius,202,branch,large,88.72530449398805,17.27101137258649,0,100,123
confuzzius,204,branch,global,88.58569962208419,17.35263190373856,0,100,125
confuzzius,204,branch,small,80,20,60,100,2
confuzzius,204,branch,large,88.725304493988,17.271011372586486,0,100,123
confuzzius,206,branch,global,88.58569962208423,17.352631903738544,0,100,125
confuzzius,206,branch,small,80,20,60,100,2
confuzzius,206,branch,large,88.72530449398805,17.27101137258649,0,100,123
confuzzius,208,branch,global,88.61427105065565,17.368454812667377,0,100,125
confuzzius,208,branch,small,80,20,60,100,2
confuzzius,208,branch,large,88.75434049863378,17.286932490989777,0,100,123
confuzzius,210,branch,global,88.61427105065566,17.36845481266738,0,100,125
confuzzius,210,branch,small,80,20,60,100,2
confuzzius,210,branch,large,88.75434049863381,17.286932490989777,0,100,123
confuzzius,212,branch,global,88.61427105065565,17.368454812667373,0,100,125
confuzzius,212,branch,small,80,20,60,100,2
confuzzius,212,branch,large,88.75434049863381,17.28693249098978,0,100,123
confuzzius,214,branch,global,88.61427105065566,17.36845481266738,0,100,125
confuzzius,214,branch,small,80,20,60,100,2
confuzzius,214,branch,large,88.75434049863381,17.286932490989777,0,100,123
confuzzius,216,branch,global,88.61427105065565,17.368454812667377,0,100,125
confuzzius,216,branch,small,80,20,60,100,2
confuzzius,216,branch,large,88.75434049863378,17.286932490989773,0,100,123
confuzzius,218,branch,global,88.6153348804429,17.365775838886147,0,100,125
confuzzius,218,branch,small,80,20,60,100,2
confuzzius,218,branch,large,88.75542162646636,17.28418835028091,0,100,123
confuzzius,220,branch,global,88.6153348804429,17.365775838886155,0,100,125
confuzzius,220,branch,small,80,20,60,100,2
confuzzius,220,branch,large,88.75542162646636,17.284188350280907,0,100,123
confuzzius,222,branch,global,88.6153348804429,17.365775838886155,0,100,125
confuzzius,222,branch,small,80,20,60,100,2
confuzzius,222,branch,large,88.75542162646636,17.284188350280907,0,100,123
confuzzius,224,branch,global,88.61533488044292,17.365775838886165,0,100,125
confuzzius,224,branch,small,80,20,60,100,2
confuzzius,224,branch,large,88.75542162646637,17.284188350280907,0,100,123
confuzzius,226,branch,global,88.61533488044292,17.365775838886165,0,100,125
confuzzius,226,branch,small,80,20,60,100,2
confuzzius,226,branch,large,88.75542162646637,17.284188350280907,0,100,123
confuzzius,228,branch,global,88.61533488044287,17.365775838886155,0,100,125
confuzzius,228,branch,small,80,20,60,100,2
confuzzius,228,branch,large,88.75542162646636,17.284188350280907,0,100,123
confuzzius,230,branch,global,88.6153348804429,17.36577583888616,0,100,125
confuzzius,230,branch,small,80,20,60,100,2
confuzzius,230,branch,large,88.75542162646636,17.284188350280907,0,100,123
confuzzius,232,branch,global,88.61533488044289,17.36577583888615,0,100,125
confuzzius,232,branch,small,80,20,60,100,2
confuzzius,232,branch,large,88.75542162646634,17.284188350280903,0,100,123
confuzzius,234,branch,global,88.6153348804429,17.365775838886158,0,100,125
confuzzius,234,branch,small,80,20,60,100,2
confuzzius,234,branch,large,88.75542162646636,17.284188350280907,0,100,123
confuzzius,236,branch,global,88.61533488044289,17.365775838886144,0,100,125
confuzzius,236,branch,small,80,20,60,100,2
confuzzius,236,branch,large,88.75542162646636,17.28418835028091,0,100,123
confuzzius,238,branch,global,88.62302718813518,17.361233244568346,0,100,125
confuzzius,238,branch,small,80,20,60,100,2
confuzzius,238,branch,large,88.76323901233252,17.27948668101879,0,100,123
confuzzius,240,branch,global,88.62302718813523,17.361233244568332,0,100,125
confuzzius,240,branch,small,80,20,60,100,2
confuzzius,240,branch,large,88.76323901233255,17.27948668101879,0,100,123
confuzzius,242,branch,global,88.6230271881352,17.361233244568332,0,100,125
confuzzius,242,branch,small,80,20,60,100,2
confuzzius,242,branch,large,88.7632390123325,17.27948668101879,0,100,123
confuzzius,244,branch,global,88.62302718813517,17.361233244568343,0,100,125
confuzzius,244,branch,small,80,20,60,100,2
confuzzius,244,branch,large,88.76323901233249,17.2794866810188,0,100,123
confuzzius,246,branch,global,88.6230271881352,17.361233244568332,0,100,125
confuzzius,246,branch,small,80,20,60,100,2
confuzzius,246,branch,large,88.76323901233253,17.279486681018792,0,100,123
confuzzius,248,branch,global,88.64177718813522,17.332564906924492,0,100,125
confuzzius,248,branch,small,80,20,60,100,2
confuzzius,248,branch,large,88.78229389038133,17.250058684380193,0,100,123
confuzzius,250,branch,global,88.6417771881352,17.332564906924482,0,100,125
confuzzius,250,branch,small,80,20,60,100,2
confuzzius,250,branch,large,88.7822938903813,17.250058684380203,0,100,123
confuzzius,252,branch,global,88.6970914738495,17.3281525964426,0,100,125
confuzzius,252,branch,small,80,20,60,100,2
confuzzius,252,branch,large,88.8385075953755,17.24509366601426,0,100,123
confuzzius,254,branch,global,88.69709147384945,17.328152596442592,0,100,125
confuzzius,254,branch,small,80,20,60,100,2
confuzzius,254,branch,large,88.83850759537549,17.245093666014256,0,100,123
confuzzius,256,branch,global,88.69709147384951,17.328152596442607,0,100,125
confuzzius,256,branch,small,80,20,60,100,2
confuzzius,256,branch,large,88.83850759537552,17.24509366601426,0,100,123
confuzzius,258,branch,global,88.69709147384945,17.328152596442592,0,100,125
confuzzius,258,branch,small,80,20,60,100,2
confuzzius,258,branch,large,88.83850759537549,17.245093666014256,0,100,123
confuzzius,260,branch,global,88.6970914738495,17.3281525964426,0,100,125
confuzzius,260,branch,small,80,20,60,100,2
confuzzius,260,branch,large,88.8385075953755,17.245093666014263,0,100,123
confuzzius,262,branch,global,88.69709147384951,17.328152596442607,0,100,125
confuzzius,262,branch,small,80,20,60,100,2
confuzzius,262,branch,large,88.83850759537552,17.245093666014256,0,100,123
confuzzius,264,branch,global,88.6970914738495,17.3281525964426,0,100,125
confuzzius,264,branch,small,80,20,60,100,2
confuzzius,264,branch,large,88.8385075953755,17.245093666014267,0,100,123
confuzzius,266,branch,global,88.69709147384944,17.328152596442592,0,100,125
confuzzius,266,branch,small,80,20,60,100,2
confuzzius,266,branch,large,88.83850759537546,17.24509366601427,0,100,123
confuzzius,268,branch,global,88.69709147384945,17.328152596442592,0,100,125
confuzzius,268,branch,small,80,20,60,100,2
confuzzius,268,branch,large,88.83850759537549,17.245093666014256,0,100,123
confuzzius,270,branch,global,88.69709147384948,17.3281525964426,0,100,125
confuzzius,270,branch,small,80,20,60,100,2
confuzzius,270,branch,large,88.83850759537549,17.24509366601426,0,100,123
confuzzius,272,branch,global,88.69815530363671,17.325470470730686,0,100,125
confuzzius,272,branch,small,80,20,60,100,2
confuzzius,272,branch,large,88.83958872320804,17.242345927186648,0,100,123
confuzzius,274,branch,global,88.71720292268436,17.328723275750377,0,100,125
confuzzius,274,branch,small,80,20,60,100,2
confuzzius,274,branch,large,88.85894605963857,17.24550862584312,0,100,123
confuzzius,276,branch,global,88.71720292268436,17.328723275750377,0,100,125
confuzzius,276,branch,small,80,20,60,100,2
confuzzius,276,branch,large,88.85894605963855,17.24550862584312,0,100,123
confuzzius,278,branch,global,88.71720292268435,17.328723275750377,0,100,125
confuzzius,278,branch,small,80,20,60,100,2
confuzzius,278,branch,large,88.85894605963855,17.24550862584312,0,100,123
confuzzius,280,branch,global,88.71720292268434,17.328723275750374,0,100,125
confuzzius,280,branch,small,80,20,60,100,2
confuzzius,280,branch,large,88.85894605963854,17.24550862584312,0,100,123
confuzzius,282,branch,global,88.71720292268434,17.328723275750377,0,100,125
confuzzius,282,branch,small,80,20,60,100,2
confuzzius,282,branch,large,88.85894605963854,17.24550862584312,0,100,123
confuzzius,284,branch,global,88.71720292268436,17.328723275750377,0,100,125
confuzzius,284,branch,small,80,20,60,100,2
confuzzius,284,branch,large,88.85894605963857,17.245508625843122,0,100,123
confuzzius,286,branch,global,88.7382555542633,17.303501529587994,0,100,125
confuzzius,286,branch,small,80,20,60,100,2
confuzzius,286,branch,large,88.88034101043019,17.2195762744343,0,100,123
confuzzius,288,branch,global,88.7382555542633,17.303501529587994,0,100,125
confuzzius,288,branch,small,80,20,60,100,2
confuzzius,288,branch,large,88.88034101043019,17.2195762744343,0,100,123
confuzzius,290,branch,global,88.73825555426329,17.303501529587997,0,100,125
confuzzius,290,branch,small,80,20,60,100,2
confuzzius,290,branch,large,88.88034101043019,17.219576274434296,0,100,123
confuzzius,292,branch,global,88.76742222092993,17.2763479213445,0,100,125
confuzzius,292,branch,small,80,20,60,100,2
confuzzius,292,branch,large,88.90998193183937,17.19160069550496,0,100,123
confuzzius,294,branch,global,88.76742222092996,17.276347921344506,0,100,125
confuzzius,294,branch,small,80,20,60,100,2
confuzzius,294,branch,large,88.9099819318394,17.191600695504967,0,100,123
confuzzius,296,branch,global,88.76742222092997,17.276347921344488,0,100,125
confuzzius,296,branch,small,80,20,60,100,2
confuzzius,296,branch,large,88.90998193183941,17.191600695504967,0,100,123
confuzzius,298,branch,global,88.76742222092994,17.27634792134449,0,100,125
confuzzius,298,branch,small,80,20,60,100,2
confuzzius,298,branch,large,88.90998193183938,17.191600695504967,0,100,123
confuzzius,300,branch,global,88.76742222092994,17.276347921344495,0,100,125
confuzzius,300,branch,small,80,20,60,100,2
confuzzius,300,branch,large,88.90998193183938,17.191600695504963,0,100,123
confuzzius,302,branch,global,88.76742222092997,17.27634792134449,0,100,125
confuzzius,302,branch,small,80,20,60,100,2
confuzzius,302,branch,large,88.90998193183941,17.19160069550497,0,100,123
confuzzius,304,branch,global,88.76742222092993,17.276347921344502,0,100,125
confuzzius,304,branch,small,80,20,60,100,2
confuzzius,304,branch,large,88.90998193183937,17.19160069550496,0,100,123
confuzzius,306,branch,global,88.76742222092996,17.276347921344506,0,100,125
confuzzius,306,branch,small,80,20,60,100,2
confuzzius,306,branch,large,88.90998193183941,17.19160069550497,0,100,123
confuzzius,308,branch,global,88.76742222092992,17.276347921344495,0,100,125
confuzzius,308,branch,small,80,20,60,100,2
confuzzius,308,branch,large,88.90998193183935,17.191600695504956,0,100,123
confuzzius,310,branch,global,88.77702222092991,17.251562562060933,0,100,125
confuzzius,310,branch,small,80,20,60,100,2
confuzzius,310,branch,large,88.91973802940032,17.16620661068992,0,100,123
confuzzius,312,branch,global,88.77702222092996,17.251562562060936,0,100,125
confuzzius,312,branch,small,80,20,60,100,2
confuzzius,312,branch,large,88.91973802940036,17.166206610689922,0,100,123
confuzzius,314,branch,global,88.77702222092996,17.25156256206094,0,100,125
confuzzius,314,branch,small,80,20,60,100,2
confuzzius,314,branch,large,88.91973802940038,17.1662066106899,0,100,123
confuzzius,316,branch,global,88.77702222092995,17.25156256206094,0,100,125
confuzzius,316,branch,small,80,20,60,100,2
confuzzius,316,branch,large,88.91973802940036,17.166206610689926,0,100,123
confuzzius,318,branch,global,88.77702222092992,17.251562562060936,0,100,125
confuzzius,318,branch,small,80,20,60,100,2
confuzzius,318,branch,large,88.91973802940034,17.166206610689912,0,100,123
confuzzius,320,branch,global,88.77702222092996,17.251562562060943,0,100,125
confuzzius,320,branch,small,80,20,60,100,2
confuzzius,320,branch,large,88.91973802940038,17.1662066106899,0,100,123
confuzzius,322,branch,global,88.77702222092992,17.251562562060933,0,100,125
confuzzius,322,branch,small,80,20,60,100,2
confuzzius,322,branch,large,88.91973802940034,17.166206610689915,0,100,123
confuzzius,324,branch,global,88.77702222092996,17.251562562060936,0,100,125
confuzzius,324,branch,small,80,20,60,100,2
confuzzius,324,branch,large,88.91973802940038,17.166206610689905,0,100,123
confuzzius,326,branch,global,88.77702222092994,17.251562562060936,0,100,125
confuzzius,326,branch,small,80,20,60,100,2
confuzzius,326,branch,large,88.91973802940035,17.16620661068992,0,100,123
confuzzius,328,branch,global,88.77702222092996,17.25156256206094,0,100,125
confuzzius,328,branch,small,80,20,60,100,2
confuzzius,328,branch,large,88.91973802940036,17.166206610689922,0,100,123
confuzzius,330,branch,global,88.77702222092996,17.251562562060936,0,100,125
confuzzius,330,branch,small,80,20,60,100,2
confuzzius,330,branch,large,88.91973802940036,17.166206610689922,0,100,123
confuzzius,332,branch,global,88.79130793521564,17.260108720832594,0,100,125
confuzzius,332,branch,small,80,20,60,100,2
confuzzius,332,branch,large,88.9342560317232,17.17481412308177,0,100,123
confuzzius,334,branch,global,88.7913079352157,17.260108720832598,0,100,125
confuzzius,334,branch,small,80,20,60,100,2
confuzzius,334,branch,large,88.93425603172325,17.17481412308178,0,100,123
confuzzius,336,branch,global,88.79130793521568,17.260108720832594,0,100,125
confuzzius,336,branch,small,80,20,60,100,2
confuzzius,336,branch,large,88.93425603172325,17.174814123081777,0,100,123
confuzzius,338,branch,global,88.79130793521568,17.260108720832587,0,100,125
confuzzius,338,branch,small,80,20,60,100,2
confuzzius,338,branch,large,88.93425603172325,17.17481412308177,0,100,123
confuzzius,340,branch,global,88.82940317331091,17.26809273328659,0,100,125
confuzzius,340,branch,small,80,20,60,100,2
confuzzius,340,branch,large,88.97297070458427,17.182645427623722,0,100,123
confuzzius,342,branch,global,88.82940317331091,17.26809273328659,0,100,125
confuzzius,342,branch,small,80,20,60,100,2
confuzzius,342,branch,large,88.97297070458427,17.182645427623733,0,100,123
confuzzius,344,branch,global,88.8294031733109,17.26809273328659,0,100,125
confuzzius,344,branch,small,80,20,60,100,2
confuzzius,344,branch,large,88.97297070458424,17.182645427623733,0,100,123
confuzzius,346,branch,global,88.82940317331088,17.268092733286586,0,100,125
confuzzius,346,branch,small,80,20,60,100,2
confuzzius,346,branch,large,88.97297070458423,17.182645427623733,0,100,123
confuzzius,348,branch,global,88.82940317331087,17.268092733286583,0,100,125
confuzzius,348,branch,small,80,20,60,100,2
confuzzius,348,branch,large,88.97297070458421,17.182645427623733,0,100,123
confuzzius,350,branch,global,88.82940317331091,17.268092733286586,0,100,125
confuzzius,350,branch,small,80,20,60,100,2
confuzzius,350,branch,large,88.97297070458427,17.182645427623726,0,100,123
confuzzius,352,branch,global,88.82940317331087,17.268092733286583,0,100,125
confuzzius,352,branch,small,80,20,60,100,2
confuzzius,352,branch,large,88.97297070458421,17.18264542762373,0,100,123
confuzzius,354,branch,global,88.82940317331091,17.26809273328659,0,100,125
confuzzius,354,branch,small,80,20,60,100,2
confuzzius,354,branch,large,88.97297070458427,17.18264542762373,0,100,123
confuzzius,356,branch,global,88.82940317331088,17.268092733286586,0,100,125
confuzzius,356,branch,small,80,20,60,100,2
confuzzius,356,branch,large,88.97297070458424,17.18264542762374,0,100,123
confuzzius,358,branch,global,88.82940317331087,17.268092733286583,0,100,125
confuzzius,358,branch,small,80,20,60,100,2
confuzzius,358,branch,large,88.97297070458423,17.182645427623736,0,100,123
confuzzius,360,branch,global,88.83565317331092,17.25898370358807,0,100,125
confuzzius,360,branch,small,80,20,60,100,2
confuzzius,360,branch,large,88.97932233060052,17.17328906624621,0,100,123
confuzzius,362,branch,global,88.86174012983265,17.253658456941913,0,100,125
confuzzius,362,branch,small,80,20,60,100,2
confuzzius,362,branch,large,89.00583346527708,17.16762801561632,0,100,123
confuzzius,364,branch,global,88.86174012983263,17.253658456941906,0,100,125
confuzzius,364,branch,small,80,20,60,100,2
confuzzius,364,branch,large,89.00583346527706,17.167628015616323,0,100,123
confuzzius,366,branch,global,88.86174012983263,17.253658456941906,0,100,125
confuzzius,366,branch,small,80,20,60,100,2
confuzzius,366,branch,large,89.00583346527706,17.167628015616323,0,100,123
confuzzius,368,branch,global,88.86174012983263,17.253658456941906,0,100,125
confuzzius,368,branch,small,80,20,60,100,2
confuzzius,368,branch,large,89.00583346527706,17.167628015616323,0,100,123
confuzzius,370,branch,global,88.91708143418045,17.190211197851276,0,100,125
confuzzius,370,branch,small,80,20,60,100,2
confuzzius,370,branch,large,89.06207462823217,17.102347486255226,0,100,123
confuzzius,372,branch,global,88.92124810084715,17.18677392206325,0,100,125
confuzzius,372,branch,small,80,20,60,100,2
confuzzius,372,branch,large,89.06630904557638,17.09880044913176,0,100,123
confuzzius,374,branch,global,88.92124810084714,17.18677392206325,0,100,125
confuzzius,374,branch,small,80,20,60,100,2
confuzzius,374,branch,large,89.06630904557636,17.09880044913176,0,100,123
confuzzius,376,branch,global,88.92124810084714,17.18677392206324,0,100,125
confuzzius,376,branch,small,80,20,60,100,2
confuzzius,376,branch,large,89.06630904557636,17.09880044913176,0,100,123
confuzzius,378,branch,global,88.92124810084711,17.186773922063256,0,100,125
confuzzius,378,branch,small,80,20,60,100,2
confuzzius,378,branch,large,89.06630904557633,17.098800449131755,0,100,123
confuzzius,380,branch,global,88.93374810084714,17.170955066495058,0,100,125
confuzzius,380,branch,small,80,20,60,100,2
confuzzius,380,branch,large,89.07901229760888,17.082533517475124,0,100,123
confuzzius,382,branch,global,88.93374810084714,17.170955066495058,0,100,125
confuzzius,382,branch,small,80,20,60,100,2
confuzzius,382,branch,large,89.07901229760888,17.082533517475124,0,100,123
confuzzius,384,branch,global,88.9337481008471,17.170955066495043,0,100,125
confuzzius,384,branch,small,80,20,60,100,2
confuzzius,384,branch,large,89.07901229760886,17.082533517475124,0,100,123
confuzzius,386,branch,global,88.93374810084714,17.170955066495058,0,100,125
confuzzius,386,branch,small,80,20,60,100,2
confuzzius,386,branch,large,89.07901229760888,17.08253351747512,0,100,123
confuzzius,388,branch,global,88.9551766722757,17.12842983729887,0,100,125
confuzzius,388,branch,small,80,20,60,100,2
confuzzius,388,branch,large,89.10078930109317,17.038905799612365,0,100,123
confuzzius,390,branch,global,88.9551766722757,17.12842983729887,0,100,125
confuzzius,390,branch,small,80,20,60,100,2
confuzzius,390,branch,large,89.1007893010932,17.038905799612365,0,100,123
confuzzius,392,branch,global,88.9551766722757,17.12842983729887,0,100,125
confuzzius,392,branch,small,80,20,60,100,2
confuzzius,392,branch,large,89.10078930109317,17.038905799612365,0,100,123
confuzzius,394,branch,global,88.95517667227571,17.128429837298853,0,100,125
confuzzius,394,branch,small,80,20,60,100,2
confuzzius,394,branch,large,89.1007893010932,17.038905799612365,0,100,123
confuzzius,396,branch,global,88.9551766722757,17.128429837298878,0,100,125
confuzzius,396,branch,small,80,20,60,100,2
confuzzius,396,branch,large,89.10078930109319,17.038905799612365,0,100,123
confuzzius,398,branch,global,88.9551766722757,17.128429837298878,0,100,125
confuzzius,398,branch,small,80,20,60,100,2
confuzzius,398,branch,large,89.10078930109319,17.03890579961237,0,100,123
confuzzius,400,branch,global,88.95517667227568,17.12842983729887,0,100,125
confuzzius,400,branch,small,80,20,60,100,2
confuzzius,400,branch,large,89.10078930109317,17.03890579961236,0,100,123
confuzzius,402,branch,global,88.95837667227569,17.120664278017003,0,100,125
confuzzius,402,branch,small,80,20,60,100,2
confuzzius,402,branch,large,89.1040413336135,17.03094464868252,0,100,123
confuzzius,404,branch,global,88.95837667227572,17.120664278017014,0,100,125
confuzzius,404,branch,small,80,20,60,100,2
confuzzius,404,branch,large,89.10404133361352,17.0309446486825,0,100,123
confuzzius,406,branch,global,88.95837667227572,17.12066427801701,0,100,125
confuzzius,406,branch,small,80,20,60,100,2
confuzzius,406,branch,large,89.10404133361352,17.030944648682503,0,100,123
confuzzius,408,branch,global,88.95837667227572,17.12066427801701,0,100,125
confuzzius,408,branch,small,80,20,60,100,2
confuzzius,408,branch,large,89.10404133361352,17.030944648682503,0,100,123
confuzzius,410,branch,global,88.95837667227572,17.120664278017014,0,100,125
confuzzius,410,branch,small,80,20,60,100,2
confuzzius,410,branch,large,89.10404133361352,17.030944648682503,0,100,123
confuzzius,412,branch,global,88.97319148709052,17.12460338681723,0,100,125
confuzzius,412,branch,small,80,20,60,100,2
confuzzius,412,branch,large,89.11909703972613,17.034840037243526,0,100,123
confuzzius,414,branch,global,88.99223910613814,17.130236130016307,0,100,125
confuzzius,414,branch,small,80,20,60,100,2
confuzzius,414,branch,large,89.13845437615666,17.04042858924695,0,100,123
confuzzius,416,branch,global,89.01128672518578,17.141138201897473,0,100,125
confuzzius,416,branch,small,80,20,60,100,2
confuzzius,416,branch,large,89.15781171258718,17.051400062401928,0,100,123
confuzzius,418,branch,global,89.01128672518576,17.14113820189748,0,100,125
confuzzius,418,branch,small,80,20,60,100,2
confuzzius,418,branch,large,89.15781171258715,17.051400062401928,0,100,123
confuzzius,420,branch,global,89.01128672518573,17.141138201897476,0,100,125
confuzzius,420,branch,small,80,20,60,100,2
confuzzius,420,branch,large,89.15781171258713,17.051400062401928,0,100,123
confuzzius,422,branch,global,89.01128672518577,17.141138201897476,0,100,125
confuzzius,422,branch,small,80,20,60,100,2
confuzzius,422,branch,large,89.15781171258715,17.051400062401928,0,100,123
confuzzius,424,branch,global,89.01128672518577,17.14113820189748,0,100,125
confuzzius,424,branch,small,80,20,60,100,2
confuzzius,424,branch,large,89.15781171258718,17.051400062401928,0,100,123
confuzzius,426,branch,global,89.01128672518576,17.141138201897483,0,100,125
confuzzius,426,branch,small,80,20,60,100,2
confuzzius,426,branch,large,89.15781171258715,17.051400062401928,0,100,123
confuzzius,428,branch,global,89.01128672518576,17.14113820189748,0,100,125
confuzzius,428,branch,small,80,20,60,100,2
confuzzius,428,branch,large,89.15781171258716,17.051400062401928,0,100,123
confuzzius,430,branch,global,89.01753672518576,17.13360530937619,0,100,125
confuzzius,430,branch,small,80,20,60,100,2
confuzzius,430,branch,large,89.16416333860342,17.043649725381133,0,100,123
confuzzius,432,branch,global,89.0329213405704,17.125326694193692,0,100,125
confuzzius,432,branch,small,80,20,60,100,2
confuzzius,432,branch,large,89.17979811033577,17.035057350587955,0,100,123
confuzzius,434,branch,global,89.0329213405704,17.125326694193692,0,100,125
confuzzius,434,branch,small,80,20,60,100,2
confuzzius,434,branch,large,89.17979811033575,17.035057350587955,0,100,123
confuzzius,436,branch,global,89.07116895961798,17.08305419058028,0,100,125
confuzzius,436,branch,small,80,20,60,100,2
confuzzius,436,branch,large,89.21866764188819,16.991531696716358,0,100,123
confuzzius,438,branch,global,89.07116895961799,17.08305419058028,0,100,125
confuzzius,438,branch,small,80,20,60,100,2
confuzzius,438,branch,large,89.2186676418882,16.99153169671635,0,100,123
confuzzius,440,branch,global,89.07116895961799,17.083054190580285,0,100,125
confuzzius,440,branch,small,80,20,60,100,2
confuzzius,440,branch,large,89.2186676418882,16.991531696716358,0,100,123
confuzzius,442,branch,global,89.07116895961798,17.08305419058028,0,100,125
confuzzius,442,branch,small,80,20,60,100,2
confuzzius,442,branch,large,89.21866764188817,16.991531696716347,0,100,123
confuzzius,444,branch,global,89.07116895961798,17.083054190580278,0,100,125
confuzzius,444,branch,small,80,20,60,100,2
confuzzius,444,branch,large,89.21866764188819,16.991531696716358,0,100,123
confuzzius,446,branch,global,89.07116895961799,17.08305419058028,0,100,125
confuzzius,446,branch,small,80,20,60,100,2
confuzzius,446,branch,large,89.21866764188819,16.991531696716358,0,100,123
confuzzius,448,branch,global,89.071168959618,17.083054190580288,0,100,125
confuzzius,448,branch,small,80,20,60,100,2
confuzzius,448,branch,large,89.21866764188822,16.99153169671636,0,100,123
confuzzius,450,branch,global,89.07116895961796,17.08305419058027,0,100,125
confuzzius,450,branch,small,80,20,60,100,2
confuzzius,450,branch,large,89.21866764188817,16.991531696716347,0,100,123
confuzzius,452,branch,global,89.07116895961796,17.083054190580274,0,100,125
confuzzius,452,branch,small,80,20,60,100,2
confuzzius,452,branch,large,89.21866764188817,16.99153169671635,0,100,123
confuzzius,454,branch,global,89.07116895961799,17.08305419058028,0,100,125
confuzzius,454,branch,small,80,20,60,100,2
confuzzius,454,branch,large,89.21866764188819,16.991531696716354,0,100,123
confuzzius,456,branch,global,89.07116895961796,17.08305419058027,0,100,125
confuzzius,456,branch,small,80,20,60,100,2
confuzzius,456,branch,large,89.21866764188817,16.991531696716347,0,100,123
confuzzius,458,branch,global,89.071168959618,17.083054190580288,0,100,125
confuzzius,458,branch,small,80,20,60,100,2
confuzzius,458,branch,large,89.21866764188822,16.99153169671636,0,100,123
confuzzius,460,branch,global,89.071168959618,17.083054190580285,0,100,125
confuzzius,460,branch,small,80,20,60,100,2
confuzzius,460,branch,large,89.21866764188822,16.99153169671636,0,100,123
confuzzius,462,branch,global,89.07116895961799,17.08305419058028,0,100,125
confuzzius,462,branch,small,80,20,60,100,2
confuzzius,462,branch,large,89.2186676418882,16.991531696716358,0,100,123
confuzzius,464,branch,global,89.07116895961796,17.08305419058027,0,100,125
confuzzius,464,branch,small,80,20,60,100,2
confuzzius,464,branch,large,89.21866764188819,16.991531696716354,0,100,123
confuzzius,466,branch,global,89.07116895961796,17.08305419058027,0,100,125
confuzzius,466,branch,small,80,20,60,100,2
confuzzius,466,branch,large,89.21866764188817,16.991531696716347,0,100,123
confuzzius,468,branch,global,89.07116895961799,17.08305419058028,0,100,125
confuzzius,468,branch,small,80,20,60,100,2
confuzzius,468,branch,large,89.2186676418882,16.991531696716358,0,100,123
confuzzius,470,branch,global,89.07116895961799,17.08305419058028,0,100,125
confuzzius,470,branch,small,80,20,60,100,2
confuzzius,470,branch,large,89.2186676418882,16.991531696716354,0,100,123
confuzzius,472,branch,global,89.077568959618,17.068559065006614,0,100,125
confuzzius,472,branch,small,80,20,60,100,2
confuzzius,472,branch,large,89.22517170692886,16.976664832038878,0,100,123
confuzzius,474,branch,global,89.077568959618,17.068559065006603,0,100,125
confuzzius,474,branch,small,80,20,60,100,2
confuzzius,474,branch,large,89.22517170692886,16.976664832038878,0,100,123
confuzzius,476,branch,global,89.077568959618,17.06855906500661,0,100,125
confuzzius,476,branch,small,80,20,60,100,2
confuzzius,476,branch,large,89.22517170692885,16.976664832038875,0,100,123
confuzzius,478,branch,global,89.07756895961799,17.068559065006603,0,100,125
confuzzius,478,branch,small,80,20,60,100,2
confuzzius,478,branch,large,89.22517170692885,16.97666483203887,0,100,123
confuzzius,480,branch,global,89.077568959618,17.068559065006614,0,100,125
confuzzius,480,branch,small,80,20,60,100,2
confuzzius,480,branch,large,89.22517170692886,16.976664832038878,0,100,123
confuzzius,482,branch,global,89.077568959618,17.068559065006614,0,100,125
confuzzius,482,branch,small,80,20,60,100,2
confuzzius,482,branch,large,89.22517170692886,16.976664832038878,0,100,123
confuzzius,484,branch,global,89.07756895961798,17.068559065006603,0,100,125
confuzzius,484,branch,small,80,20,60,100,2
confuzzius,484,branch,large,89.22517170692883,16.976664832038892,0,100,123
confuzzius,486,branch,global,89.07756895961799,17.068559065006603,0,100,125
confuzzius,486,branch,small,80,20,60,100,2
confuzzius,486,branch,large,89.22517170692885,16.97666483203887,0,100,123
confuzzius,488,branch,global,89.07756895961799,17.06855906500661,0,100,125
confuzzius,488,branch,small,80,20,60,100,2
confuzzius,488,branch,large,89.22517170692885,16.976664832038878,0,100,123
confuzzius,490,branch,global,89.08458650347767,17.060604048853072,0,100,125
confuzzius,490,branch,small,80,20,60,100,2
confuzzius,490,branch,large,89.23230335719273,16.96847459428979,0,100,123
confuzzius,492,branch,global,89.08458650347762,17.060604048853058,0,100,125
confuzzius,492,branch,small,80,20,60,100,2
confuzzius,492,branch,large,89.2323033571927,16.9684745942898,0,100,123
confuzzius,494,branch,global,89.08458650347765,17.06060404885307,0,100,125
confuzzius,494,branch,small,80,20,60,100,2
confuzzius,494,branch,large,89.23230335719273,16.96847459428979,0,100,123
confuzzius,496,branch,global,89.08458650347762,17.060604048853058,0,100,125
confuzzius,496,branch,small,80,20,60,100,2
confuzzius,496,branch,large,89.2323033571927,16.968474594289802,0,100,123
confuzzius,498,branch,global,89.08458650347764,17.06060404885306,0,100,125
confuzzius,498,branch,small,80,20,60,100,2
confuzzius,498,branch,large,89.23230335719272,16.968474594289805,0,100,123
confuzzius,500,branch,global,89.08458650347764,17.06060404885306,0,100,125
confuzzius,500,branch,small,80,20,60,100,2
confuzzius,500,branch,large,89.23230335719272,16.968474594289795,0,100,123
confuzzius,502,branch,global,89.11125317014431,17.075033408407233,0,100,125
confuzzius,502,branch,small,80,20,60,100,2
confuzzius,502,branch,large,89.25940362819543,16.982981964009856,0,100,123
confuzzius,504,branch,global,89.1112531701443,17.07503340840722,0,100,125
confuzzius,504,branch,small,80,20,60,100,2
confuzzius,504,branch,large,89.25940362819541,16.982981964009856,0,100,123
confuzzius,506,branch,global,89.1112531701443,17.075033408407222,0,100,125
confuzzius,506,branch,small,80,20,60,100,2
confuzzius,506,branch,large,89.25940362819541,16.982981964009856,0,100,123
confuzzius,508,branch,global,89.11125317014431,17.075033408407233,0,100,125
confuzzius,508,branch,small,80,20,60,100,2
confuzzius,508,branch,large,89.25940362819543,16.982981964009856,0,100,123
confuzzius,510,branch,global,89.1144531701443,17.067889255497697,0,100,125
confuzzius,510,branch,small,80,20,60,100,2
confuzzius,510,branch,large,89.26265566071574,16.975653865596875,0,100,123
confuzzius,512,branch,global,89.1144531701443,17.0678892554977,0,100,125
confuzzius,512,branch,small,80,20,60,100,2
confuzzius,512,branch,large,89.26265566071575,16.975653865596882,0,100,123
confuzzius,514,branch,global,89.11445317014427,17.06788925549771,0,100,125
confuzzius,514,branch,small,80,20,60,100,2
confuzzius,514,branch,large,89.26265566071572,16.97565386559688,0,100,123
confuzzius,516,branch,global,89.1144531701443,17.067889255497697,0,100,125
confuzzius,516,branch,small,80,20,60,100,2
confuzzius,516,branch,large,89.26265566071575,16.975653865596886,0,100,123
confuzzius,518,branch,global,89.11978650347764,17.061185152389587,0,100,125
confuzzius,518,branch,small,80,20,60,100,2
confuzzius,518,branch,large,89.2680757149163,16.96875634587999,0,100,123
confuzzius,520,branch,global,89.11978650347763,17.061185152389594,0,100,125
confuzzius,520,branch,small,80,20,60,100,2
confuzzius,520,branch,large,89.2680757149163,16.96875634587999,0,100,123
confuzzius,522,branch,global,89.1197865034776,17.061185152389587,0,100,125
confuzzius,522,branch,small,80,20,60,100,2
confuzzius,522,branch,large,89.26807571491626,16.968756345879992,0,100,123
confuzzius,524,branch,global,89.11978650347763,17.061185152389594,0,100,125
confuzzius,524,branch,small,80,20,60,100,2
confuzzius,524,branch,large,89.2680757149163,16.968756345879992,0,100,123
confuzzius,526,branch,global,89.11978650347763,17.061185152389598,0,100,125
confuzzius,526,branch,small,80,20,60,100,2
confuzzius,526,branch,large,89.2680757149163,16.968756345879992,0,100,123
confuzzius,528,branch,global,89.11978650347763,17.061185152389587,0,100,125
confuzzius,528,branch,small,80,20,60,100,2
confuzzius,528,branch,large,89.2680757149163,16.96875634588,0,100,123
confuzzius,530,branch,global,89.11978650347764,17.061185152389577,0,100,125
confuzzius,530,branch,small,80,20,60,100,2
confuzzius,530,branch,large,89.2680757149163,16.968756345879992,0,100,123
confuzzius,532,branch,global,89.11978650347761,17.061185152389587,0,100,125
confuzzius,532,branch,small,80,20,60,100,2
confuzzius,532,branch,large,89.26807571491628,16.968756345879992,0,100,123
confuzzius,534,branch,global,89.11978650347764,17.061185152389584,0,100,125
confuzzius,534,branch,small,80,20,60,100,2
confuzzius,534,branch,large,89.26807571491631,16.968756345879992,0,100,123
confuzzius,536,branch,global,89.11978650347764,17.06118515238958,0,100,125
confuzzius,536,branch,small,80,20,60,100,2
confuzzius,536,branch,large,89.26807571491631,16.968756345879992,0,100,123
confuzzius,538,branch,global,89.11978650347764,17.061185152389584,0,100,125
confuzzius,538,branch,small,80,20,60,100,2
confuzzius,538,branch,large,89.26807571491631,16.968756345879992,0,100,123
confuzzius,540,branch,global,89.11978650347761,17.06118515238959,0,100,125
confuzzius,540,branch,small,80,20,60,100,2
confuzzius,540,branch,large,89.26807571491628,16.96875634587999,0,100,123
confuzzius,542,branch,global,89.11978650347764,17.061185152389584,0,100,125
confuzzius,542,branch,small,80,20,60,100,2
confuzzius,542,branch,large,89.26807571491631,16.968756345879992,0,100,123
confuzzius,544,branch,global,89.11978650347761,17.06118515238959,0,100,125
confuzzius,544,branch,small,80,20,60,100,2
confuzzius,544,branch,large,89.26807571491628,16.968756345879996,0,100,123
confuzzius,546,branch,global,89.11978650347764,17.06118515238958,0,100,125
confuzzius,546,branch,small,80,20,60,100,2
confuzzius,546,branch,large,89.2680757149163,16.968756345879992,0,100,123
confuzzius,548,branch,global,89.11978650347764,17.061185152389584,0,100,125
confuzzius,548,branch,small,80,20,60,100,2
confuzzius,548,branch,large,89.26807571491631,16.968756345879992,0,100,123
confuzzius,550,branch,global,89.11978650347764,17.061185152389577,0,100,125
confuzzius,550,branch,small,80,20,60,100,2
confuzzius,550,branch,large,89.26807571491631,16.968756345879992,0,100,123
confuzzius,552,branch,global,89.11978650347763,17.061185152389594,0,100,125
confuzzius,552,branch,small,80,20,60,100,2
confuzzius,552,branch,large,89.2680757149163,16.968756345879992,0,100,123
confuzzius,554,branch,global,89.11978650347764,17.061185152389577,0,100,125
confuzzius,554,branch,small,80,20,60,100,2
confuzzius,554,branch,large,89.26807571491631,16.96875634587999,0,100,123
confuzzius,556,branch,global,89.12550078919195,17.060641673316503,0,100,125
confuzzius,556,branch,small,80,20,60,100,2
confuzzius,556,branch,large,89.27388291584548,16.968150254532475,0,100,123
confuzzius,558,branch,global,89.1255007891919,17.060641673316496,0,100,125
confuzzius,558,branch,small,80,20,60,100,2
confuzzius,558,branch,large,89.27388291584542,16.9681502545325,0,100,123
confuzzius,560,branch,global,89.12550078919192,17.060641673316496,0,100,125
confuzzius,560,branch,small,80,20,60,100,2
confuzzius,560,branch,large,89.27388291584545,16.9681502545325,0,100,123
confuzzius,562,branch,global,89.12550078919193,17.0606416733165,0,100,125
confuzzius,562,branch,small,80,20,60,100,2
confuzzius,562,branch,large,89.27388291584545,16.968150254532492,0,100,123
confuzzius,564,branch,global,89.12550078919193,17.0606416733165,0,100,125
confuzzius,564,branch,small,80,20,60,100,2
confuzzius,564,branch,large,89.27388291584548,16.968150254532482,0,100,123
confuzzius,566,branch,global,89.12550078919192,17.060641673316496,0,100,125
confuzzius,566,branch,small,80,20,60,100,2
confuzzius,566,branch,large,89.27388291584545,16.9681502545325,0,100,123
confuzzius,568,branch,global,89.14454840823957,17.06080991233443,0,100,125
confuzzius,568,branch,small,80,20,60,100,2
confuzzius,568,branch,large,89.29324025227596,16.968152710343322,0,100,123
confuzzius,570,branch,global,89.14454840823956,17.060809912334424,0,100,125
confuzzius,570,branch,small,80,20,60,100,2
confuzzius,570,branch,large,89.29324025227596,16.968152710343325,0,100,123
confuzzius,572,branch,global,89.14454840823954,17.060809912334417,0,100,125
confuzzius,572,branch,small,80,20,60,100,2
confuzzius,572,branch,large,89.29324025227595,16.96815271034332,0,100,123
confuzzius,574,branch,global,89.14454840823954,17.06080991233442,0,100,125
confuzzius,574,branch,small,80,20,60,100,2
confuzzius,574,branch,large,89.29324025227595,16.96815271034331,0,100,123
confuzzius,576,branch,global,89.15026269395385,17.060497373702276,0,100,125
confuzzius,576,branch,small,80,20,60,100,2
confuzzius,576,branch,large,89.29904745320512,16.967782449877127,0,100,123
confuzzius,578,branch,global,89.15026269395379,17.060497373702272,0,100,125
confuzzius,578,branch,small,80,20,60,100,2
confuzzius,578,branch,large,89.29904745320506,16.967782449877117,0,100,123
confuzzius,580,branch,global,89.15026269395386,17.060497373702272,0,100,125
confuzzius,580,branch,small,80,20,60,100,2
confuzzius,580,branch,large,89.29904745320515,16.967782449877106,0,100,123
confuzzius,582,branch,global,89.15026269395382,17.06049737370226,0,100,125
confuzzius,582,branch,small,80,20,60,100,2
confuzzius,582,branch,large,89.2990474532051,16.96778244987712,0,100,123
confuzzius,584,branch,global,89.15026269395383,17.060497373702265,0,100,125
confuzzius,584,branch,small,80,20,60,100,2
confuzzius,584,branch,large,89.29904745320512,16.967782449877127,0,100,123
confuzzius,586,branch,global,89.15026269395382,17.06049737370226,0,100,125
confuzzius,586,branch,small,80,20,60,100,2
confuzzius,586,branch,large,89.2990474532051,16.967782449877124,0,100,123
confuzzius,588,branch,global,89.15026269395383,17.06049737370227,0,100,125
confuzzius,588,branch,small,80,20,60,100,2
confuzzius,588,branch,large,89.29904745320512,16.96778244987713,0,100,123
confuzzius,590,branch,global,89.15026269395382,17.060497373702265,0,100,125
confuzzius,590,branch,small,80,20,60,100,2
confuzzius,590,branch,large,89.29904745320508,16.967782449877113,0,100,123
confuzzius,592,branch,global,89.15026269395383,17.060497373702265,0,100,125
confuzzius,592,branch,small,80,20,60,100,2
confuzzius,592,branch,large,89.29904745320512,16.967782449877127,0,100,123
confuzzius,594,branch,global,89.15026269395382,17.06049737370227,0,100,125
confuzzius,594,branch,small,80,20,60,100,2
confuzzius,594,branch,large,89.2990474532051,16.967782449877124,0,100,123
confuzzius,596,branch,global,89.15026269395382,17.06049737370226,0,100,125
confuzzius,596,branch,small,80,20,60,100,2
confuzzius,596,branch,large,89.2990474532051,16.967782449877117,0,100,123
confuzzius,598,branch,global,89.15026269395385,17.060497373702265,0,100,125
confuzzius,598,branch,small,80,20,60,100,2
confuzzius,598,branch,large,89.29904745320512,16.967782449877124,0,100,123
confuzzius,600,branch,global,89.15026269395382,17.060497373702262,0,100,125
confuzzius,600,branch,small,80,20,60,100,2
confuzzius,600,branch,large,89.29904745320508,16.967782449877113,0,100,123
